Company Name,Branch Name,Full Name,Branch #,Bill to,Billing Address 1,Billing Address 2,Vat #,Delivery Address 1,Delivery Address 2,Delivery Address 3,Delivery Address Area,Delivery Address City,Delivery Address Code,Delivery Address,Price,Product Description,Item Code,Price2,Product Description3,Item Code4,Price5,Product Description6,Item Code7,Price8,Product Description9,Item Code10,Price11,Product Description12,Item Code13,Price14,Product Description15,Item Code16,Price17,Product Description18,Item Code19,Price20,Product Description21,Item Code22,Price23,Product Description24,Item Code25,Price26,Product Description27,Item Code28,Price232,Product Description243,Item Code254,Column29
4 Seasons Winkel,,4 Seasons Winkel,,4 Seasons Winkel,3 Sarel Cilliers Street,"Despatch
 6220",4520267123,,,,,,,,R 216.00,Snowva Ultimate Ice Maker,781159125409,R 375.00,Outray,123456,R 580.00,Makabrai,123456,R 420.00,Braai Grid - Medium,123456,R 540.00,Braai Grid - Medium,123456,R 820.00,Braai Grid - Large,123456,R 285.00,Braai Bak - 2.5l,123456,R 410.00,Braai Bak - 3.8l,123456,R 510.00,Braai Bak - 5.2l,123456,R 145.00,Borki,123456,,,,Default
4X4 Unlimited Pty Ltd,,4X4 Unlimited Pty Ltd,,4X4 Unlimited Pty Ltd,Unit 2 Build-It Lifestyle Ctr,"St Francis Street
 Jeffreys Bay; 6330",4060314517,,,,,,,,R 216.00,Snowva Ultimate Ice Maker,781159125409,R 375.00,Outray,123456,R 580.00,Makabrai,123456,R 420.00,Braai Grid - Medium,123456,R 540.00,Braai Grid - Medium,123456,R 820.00,Braai Grid - Large,123456,R 285.00,Braai Bak - 2.5l,123456,R 410.00,Braai Bak - 3.8l,123456,R 510.00,Braai Bak - 5.2l,123456,R 145.00,Borki,123456,,,,Default
A&A Business Services Pty Ltd,,A&A Business Services Pty Ltd,,A&A Business Services Pty Ltd,"14 Uintjie Close, Vierlanden","Durbanville, 7550",4030182085,,,,,,,,,,,,,,R 600.00,Makabrai,MAK001,R 520.00,Braai grid - Small,2525,,,,,,,,,,,,,,,,,,,,,,Default
AA Systems,,AA Systems,,AA Systems,39 Main Road,"Vredenburg, 7380",4720198151,,,,,,,,R 235.00,Snowva Ultimate Ice Maker,781159125409,,,,R 600.00,Makabrai,MAK001,R 450.00,Braai grid - Small,2525,R 720.00,Braai Grid - Medium,4030,,,,,,,,,,,,,,,,,,,Default
Abe Motors Cc,,Abe Motors Cc,,Abe Motors Cc,461 18Th Avenue,Pretoria,4220103461,,,,,,,,R 216.00,Snowva Ultimate Ice Maker,781159125409,R 375.00,Outray,123456,R 580.00,Makabrai,123456,R 420.00,Braai Grid - Medium,123456,R 540.00,Braai Grid - Medium,123456,R 820.00,Braai Grid - Large,123456,R 285.00,Braai Bak - 2.5l,123456,R 410.00,Braai Bak - 3.8l,123456,R 510.00,Braai Bak - 5.2l,123456,R 145.00,Borki,123456,,,,Default
Ace Braai,54 7Th Road,Ace Braai - 54 7Th Road,,Ace Braai,Chartwell North,"Fourways, 2055",,,,,,,,,R 315.00,Snowva Ultimate Ice Maker,781159125409,R 375.00,Outray,123456,R 580.00,Makabrai,123456,R 420.00,Braai Grid - Medium,123456,R 540.00,Braai Grid - Medium,123456,R 820.00,Braai Grid - Large,123456,R 285.00,Braai Bak - 2.5l,123456,R 410.00,Braai Bak - 3.8l,123456,R 510.00,Braai Bak - 5.2l,123456,R 145.00,Borki,123456,,,,Default
Admiror trading Pty Ltd t/a 4 Sheep,,Admiror trading Pty Ltd t/a 4 Sheep,,Admiror Trading Pty Ltd t/a 4 Sheep,3 Donkin Street,Beaufort West,4200258996,,,,,,,,R 235.00,Snowva Ultimate Ice Maker,781159125409,,,,,,,,,,,,,,,,,,,,,,,,,,,,,,,Default
Adomastar Pty Ltd t/a Klerksdorp Campworld,,Adomastar Pty Ltd t/a Klerksdorp Campworld,,Adomastar Pty Ltd t/a Klerksdorp Campworld,Po Box 1923,Klerksdorp,4460280581,,,,,,,,R 216.00,Snowva Ultimate Ice Maker,781159125409,R 375.00,Outray,123456,R 580.00,Makabrai,123456,R 420.00,Braai Grid - Medium,123456,R 540.00,Braai Grid - Medium,123456,R 820.00,Braai Grid - Large,123456,R 285.00,Braai Bak - 2.5l,123456,R 410.00,Braai Bak - 3.8l,123456,R 510.00,Braai Bak - 5.2l,123456,R 145.00,Borki,123456,,,,Default
Agri Bonus,,Agri Bonus,,Agri Bonus,Private Bag X1799,"Silverton, 0127",4670178518,,,,,,,,R 269.00,Snowva Ultimate Ice Maker,781159125409,R 375.00,Outray,123456,R 580.00,Makabrai,123456,R 420.00,Braai Grid - Medium,123456,R 540.00,Braai Grid - Medium,123456,R 820.00,Braai Grid - Large,123456,R 285.00,Braai Bak - 2.5l,123456,R 410.00,Braai Bak - 3.8l,123456,R 510.00,Braai Bak - 5.2l,123456,R 145.00,Borki,123456,,,,Default
Aloe Deli,,Aloe Deli,,Aloe Deli,Engen N2,Albertin1a,4960170274,,,,,,,,R 235.00,Snowva Ultimate Ice Maker,781159125409,,,,,,,,,,,,,,,,,,,,,,,,,,,,,,,Default
Auto Boutique SA,,Auto Boutique SA,,Auto Boutique SA,35 Stretch Crescent,"Vryheid, 3100",4170299327,,,,,,,,R 235.00,Snowva Ultimate Ice Maker,781159125409,,,,,,,,,,,,,,,,,,,,,,,,,,,,,,,Default
Avima Pty Ltd,,Avima Pty Ltd,,Avima Pty Ltd,P.O. Box 3131,"Kenmare, 1745",4830102002,,,,,,,,R 315.00,Snowva Ultimate Ice Maker,781159125409,R 375.00,Outray,123456,R 580.00,Makabrai,123456,R 420.00,Braai Grid - Medium,123456,R 540.00,Braai Grid - Medium,123456,R 820.00,Braai Grid - Large,123456,R 285.00,Braai Bak - 2.5l,123456,R 410.00,Braai Bak - 3.8l,123456,R 510.00,Braai Bak - 5.2l,123456,R 145.00,Borki,123456,,,,Default
Axl Outdoor,,Axl Outdoor,,AXL Outdoor,13 Kingfisher close,"Okavango, Brackenfell",4830307114,,,,,,,,R 235.00,Snowva Ultimate Ice Maker,781159125409,,,,,,,,,,,,,,,,,,,,,,,,,,,,,,,Default
Bella Aqua Water,,Bella Aqua Water,,Bella Aqua Water,Shop 11 Gonubie Retail Ctr,"Main Rd, Gonubie, East London",,,,,,,,,R 216.00,Snowva Ultimate Ice Maker,781159125409,,,,,,,,,,,,,,,,,,,,,,,,,,,,,,,Default
Bigfoot Outdoor Gear,,Bigfoot Outdoor Gear,,Bigfoot Outdoor Gear,12 Eland Street,Koedoespoort,4740306057,,,,,,,,R 235.00,Snowva Ultimate Ice Maker,781159125409,,,,,,,,,,,,,,,,,,,,,,,,,,,,,,,Default
Binuns Menlyn Cc,,Binuns Menlyn Cc,,Binuns Menlyn Cc,Shop A38,"Menlyn Retail Park
 0063",4880146263,,,,,,,,R 216.00,Snowva Ultimate Ice Maker,781159125409,R 375.00,Outray,123456,R 580.00,Makabrai,123456,R 420.00,Braai Grid - Medium,123456,R 540.00,Braai Grid - Medium,123456,R 820.00,Braai Grid - Large,123456,R 285.00,Braai Bak - 2.5l,123456,R 410.00,Braai Bak - 3.8l,123456,R 510.00,Braai Bak - 5.2l,123456,R 65.00,Borki,BORKI1,,,,Default
BKB Limited,Amersfoort,BKB Limited - Amersfoort,,BKB Limited,Amersfoort Handel,"P O Box 2002, Northend, 6056",4100101338,,,,,,,,R 235.00,Snowva Ultimate Ice Maker,70198883,,,,,,,,,,,,,,,,,,,,,,,,,,,,,,,Default
BKB Limited,Cradock,BKB Limited - Cradock,,BKB Limited,Posbus 2002,"North End, 6056",4100101338,,,,,,,,R 235.00,Snowva Ultimate Ice Maker,70198883,,,,,,,,,,,,,,,,,,,,,,,,,,,,,,,Default
Blue Water Systems Pty Ltd,,Blue Water Systems Pty Ltd,,Blue Water Systems Pty Ltd,P O Box 527,Mosselbay,4110285881,,,,,,,,R 235.00,Snowva Ultimate Ice Maker,781159125409,R 375.00,Outray,123456,R 580.00,Makabrai,123456,R 420.00,Braai Grid - Medium,123456,R 540.00,Braai Grid - Medium,123456,R 820.00,Braai Grid - Large,123456,R 285.00,Braai Bak - 2.5l,123456,R 410.00,Braai Bak - 3.8l,123456,R 510.00,Braai Bak - 5.2l,123456,R 145.00,Borki,123456,,,,Default
Breezers Fishing Pty Ltd,,Breezers Fishing Pty Ltd,,Breezers Fishing Pty Ltd,Cnr Gray & Trotter street,Knysna,4370226575,,,,,,,,R 235.00,Snowva Ultimate Ice Maker,70198883,,,,,,,,,,,,,,,,,,,,,,,,,,,,,,,Default
Brenel 4X4 Pty Ltd,,Brenel 4X4 Pty Ltd,,Brenel 4X4 Pty Ltd,"4X4 Megaworld, Unit C1","Cnr Tungsten & Malibongwe Drive
 Strijdom Commercial Park",4370268189,,,,,,,,R 216.00,Snowva Ultimate Ice Maker,781159125409,R 375.00,Outray,123456,R 580.00,Makabrai,123456,R 420.00,Braai Grid - Medium,123456,R 540.00,Braai Grid - Medium,123456,R 820.00,Braai Grid - Large,123456,R 285.00,Braai Bak - 2.5l,123456,R 410.00,Braai Bak - 3.8l,123456,R 510.00,Braai Bak - 5.2l,123456,R 145.00,Borki,123456,,,,Default
Bundubash Africa (Pty) Ltd,,Bundubash Africa (Pty) Ltd,,Bundubash Africa (Pty) Ltd (Reg 2022/404853/07),4 Summer Street,Middelburg Mpu,4080304928,,,,,,,,R 216.00,Snowva Ultimate Ice Maker,781159125409,R 375.00,Outray,123456,R 580.00,Makabrai,123456,R 420.00,Braai Grid - Medium,123456,R 540.00,Braai Grid - Medium,123456,R 820.00,Braai Grid - Large,123456,R 285.00,Braai Bak - 2.5l,123456,R 410.00,Braai Bak - 3.8l,123456,R 510.00,Braai Bak - 5.2l,123456,R 145.00,Borki,123456,,,,Default
Calcumed Pty Ltd,,Calcumed Pty Ltd,,Calcumed Pty Ltd,1506 Pintail Street,"Zambez Country Estate, Pretoria",4130317557,,,,,,,,,,,,,,,,,,,,,,,,,,,,,,,,,,,R 60.00,Borki,BRK-KIA01,,,,Default
Caltex Manor,,Caltex Manor,,Caltex Manor,Lynnburn Road,"Lynnwood, Pretoria",,,,,,,,,R 216.00,Snowva Ultimate Ice Maker,781159125409,R 325.00,Outray Travel Tray,OUT-1,R 600.00,Makabrai,MAK001,,,,,,,,,,,,,,,,,,,,,,,,,Default
Camp And Climb Cc,Head Office,Camp And Climb Cc - Head Office,,Camp And Climb Cc,P O Box 37197,"Chempet
 Cape Town
 7442",4930260478,,,,,,,,R 216.00,Snowva Ultimate Ice Maker,781159125409,R 325.00,Outray,123456,R 580.00,Makabrai,123456,R 420.00,Braai Grid - Medium,123456,R 540.00,Braai Grid - Medium,123456,R 820.00,Braai Grid - Large,123456,R 285.00,Braai Bak - 2.5l,123456,R 410.00,Braai Bak - 3.8l,123456,R 510.00,Braai Bak - 5.2l,123456,R 145.00,Borki,123456,,,,Default
Camp and Climb Centurion,,Camp and Climb Centurion,,Camp and Climb Centurion,P O Box 37197,"Chempet, Cape Town",4930260478,,,,,,,,,,,R 325.00,v,123456,,,,,,,,,,,,,,,,,,,,,,,,,,,,Default
Conqueror Northgate,,Conqueror Northgate,,Conqueror Northgate,Waterstone Garden Centre,Cnr Northumberland & Montrose Ave,,,,,,,,,R 235.00,Snowva Ultimate Ice Maker,781159125409,,,,,,,,,,,,,,,,,,,,,,,,,,,,,,,Default
Creatief Me Pty Ltd,Diamond T,Creatief Me Pty Ltd - Diamond T,,Creatief Me Pty Ltd,1 Main Street,"Askham, 8814",4320308176,,,,,,,,R 315.00,Snowva Ultimate Ice Maker,781159125409,R 375.00,Outray,123456,R 580.00,Makabrai,123456,R 420.00,Braai Grid - Medium,123456,R 540.00,Braai Grid - Medium,123456,R 820.00,Braai Grid - Large,123456,R 285.00,Braai Bak - 2.5l,123456,R 410.00,Braai Bak - 3.8l,123456,R 510.00,Braai Bak - 5.2l,123456,R 145.00,Borki,123456,,,,Default
Crestwave 114 Pty Ltd t/a Tzaneen Superspar,,Crestwave 114 Pty Ltd t/a Tzaneen Superspar,,Crestwave 114 Pty Ltd t/a Tzaneen Superspar,P O Box 1805,"Tzaneen, 0850",4100247719,,,,,,,,R 235.00,Snowva Ultimate Ice Maker,781159125409,,,,,,,,,,,,,,,,,,,,,,,,,,,,,,,Default
Cristys Tent And Canvas,,Cristys Tent And Canvas,,Cristys Tent And Canvas,Shop No 2 Kendal Road,Diep River,422 028 4881,,,,,,,,R 315.00,Snowva Ultimate Ice Maker,781159125409,R 375.00,Outray,123456,R 580.00,Makabrai,123456,R 420.00,Braai Grid - Medium,123456,R 540.00,Braai Grid - Medium,123456,R 820.00,Braai Grid - Large,123456,R 285.00,Braai Bak - 2.5l,123456,R 410.00,Braai Bak - 3.8l,123456,R 510.00,Braai Bak - 5.2l,123456,R 145.00,Borki,123456,,,,Default
Daramode Pty Ltd,T/A Tuinroete Woonwaens,Daramode Pty Ltd - T/A Tuinroete Woonwaens,,Daramode Pty Ltd,18 Bolton Road,"Voorbaai, Mosselbaai",4220288197,,,,,,,,R 210.00,Snowva Ultimate Ice Maker,781159125409,R 375.00,Outray,123456,R 580.00,Makabrai,123456,R 420.00,Braai Grid - Medium,123456,R 540.00,Braai Grid - Medium,123456,R 820.00,Braai Grid - Large,123456,R 285.00,Braai Bak - 2.5l,123456,R 410.00,Braai Bak - 3.8l,123456,R 510.00,Braai Bak - 5.2l,123456,R 145.00,Borki,123456,,,,Default
Dassiesfontein Padstal,,Dassiesfontein Padstal,,Dassiesfontein Padstal,N2 Btw Caledon & Botrivier,Caledon,4800138911,,,,,,,,R 235.00,Snowva Ultimate Ice Maker,781159125409,R 375.00,Outray,123456,R 580.00,Makabrai,123456,R 420.00,Braai Grid - Medium,123456,R 540.00,Braai Grid - Medium,123456,R 820.00,Braai Grid - Large,123456,R 285.00,Braai Bak - 2.5l,123456,R 410.00,Braai Bak - 3.8l,123456,R 510.00,Braai Bak - 5.2l,123456,R 145.00,Borki,123456,,,,Default
De Katte,,De Katte,,De Katte,R102,"De Dekke Sentrum
 Grootbrak",,,,,,,,,R 315.00,Snowva Ultimate Ice Maker,781159125409,R 375.00,Outray,123456,R 580.00,Makabrai,123456,R 420.00,Braai Grid - Medium,123456,R 540.00,Braai Grid - Medium,123456,R 820.00,Braai Grid - Large,123456,R 285.00,Braai Bak - 2.5l,123456,R 410.00,Braai Bak - 3.8l,123456,R 510.00,Braai Bak - 5.2l,123456,R 145.00,Borki,123456,,,,Default
DFD Farming and Hiring,,DFD Farming and Hiring,,DFD Farming and Hiring,Homestead Ave 86,"Homelake, 1759",,,,,,,,,R 235.00,Snowva Ultimate Ice Maker,781159125409,,,,,,,,,,,,,,,,,,,,,,,,,,,,,,,Default
Die Ratel en Meerkatgat,,Die Ratel en Meerkatgat,,Die Ratel en Meerkatgat,Langland straat 1344,Kenhardt,,,,,,,,,R 235.00,Snowva Ultimate Ice Maker,781159125409,,,,,,,,,,,,,,,,,,,,,,,,,,,,,,,Default
Dirttrax 4x4 adventure Centre,,Dirttrax 4x4 adventure Centre,,Venturemark Motor Trading Pty Ltd,43B Ayliff street,"Newcastle, 2940",4230221337,,,,,,,,R 216.00,Snowva Ultimate Ice Maker,781159125409,,,,,,,,,,,,,,,,,,,,,,,,,,,,,,,Default
Dup Meubels,,Dup Meubels,,Dup Meubels,43 Voortrekke street,"Piketberg, 1307",,,,,,,,,R 235.00,Snowva Ultimate Ice Tray *_Blue Assorted,1013250,,,,,,,,,,,,,,,,,,,,,,,,,,,,,,,Default
Eastern Cape Caravans & Safari Centre,,Eastern Cape Caravans & Safari Centre,,Eastern Cape Caravans & Safari Centre,"24 4Th Avenue, Walmer",Port Elizabeth,4730278274,,,,,,,,R 216.00,Snowva Ultimate Ice Maker,781159125409,R 375.00,Outray,123456,R 580.00,Makabrai,123456,R 420.00,Braai Grid - Medium,123456,R 540.00,Braai Grid - Medium,123456,R 820.00,Braai Grid - Large,123456,R 285.00,Braai Bak - 2.5l,123456,R 410.00,Braai Bak - 3.8l,123456,R 510.00,Braai Bak - 5.2l,123456,R 145.00,Borki,123456,,,,Default
EMC Paneelkloppers CC,,EMC Paneelkloppers CC,,EMC Paneelkloppers,P O Box 843,"Springbok, 8240",4670252941,,,,,,,,R 216.00,Snowva Ultimate Ice Maker,781159125409,,,,R600,Makabrai,MAK001,,,,,,,,,,,,,R 480.00,Braai Bak - 3.8l,BB38,R 550.00,Braai Bak - 5.5l,BB55,,,,,,,Default
Emilize Human,,Emilize Human,,Emilize Human,Vaalkoppies nr 17,"Upington
 8800",n/a,,,,,,,,R 235.00,Snowva Ultimate Ice Maker,781159125409,,,,,,,,,,,,,,,,,,,,,,,,,,,,,,,Default
Exhibition North,Nelspruit,Exhibition North - Nelspruit,,Exhibition North Pty Ltd,P O Box 1593,"Polokwane
 0700",4930287679,,,,,,,,R 235.00,Snowva Ultimate Ice Maker,781159125409,,,,,,,,,,,,,,,,,,,,,,,,,,,,,,,Default
Expedition North Pty Ltd,Somerset West,Expedition North Pty Ltd - Somerset West,,Expedition North Pty Ltd,P O Box 1593,"Polokwane
 0700",4930287679,,,,,,,,R 235.00,Snowva Ultimate Ice Maker,781159125409,R 375.00,Outray,123456,R 580.00,Makabrai,123456,R 420.00,Braai Grid - Medium,123456,R 540.00,Braai Grid - Medium,123456,R 820.00,Braai Grid - Large,123456,R 285.00,Braai Bak - 2.5l,123456,R 410.00,Braai Bak - 3.8l,123456,R 510.00,Braai Bak - 5.2l,123456,R 145.00,Borki,123456,,,,Default
Expedition North Pty Ltd,Worcester,Expedition North Pty Ltd - Worcester,,Expedition North Pty Ltd,P O Box 1593,"Polokwane
 0700",4770266593,,,,,,,,R 235.00,Snowva Ultimate Ice Maker,781159125409,R 375.00,Outray,123456,R 580.00,Makabrai,123456,R 420.00,Braai Grid - Medium,123456,R 540.00,Braai Grid - Medium,123456,R 820.00,Braai Grid - Large,123456,R 285.00,Braai Bak - 2.5l,123456,R 410.00,Braai Bak - 3.8l,123456,R 510.00,Braai Bak - 5.2l,123456,R 145.00,Borki,123456,,,,Default
Expedition North Pty Ltd,George,Expedition North Pty Ltd - George,,Expedition North Pty Ltd,P O Box 1593,"Polokwane
 0700",4930287679,,,,,,,,R 235.00,Snowva Ultimate Ice Maker,781159125409,,,,,,,,,,,,,,,,,,,,,,,,,,,,,,,Default
Fashion and Décor,Modimole,Fashion and Décor - Modimole,,Fashion and Décor,56 Mandela Drive,"Modimole, 0510",9877544156,,,,,,,,R 235.00,Snowva Ultimate Ice Maker,1013250,,,,,,,,,,,,,,,,,,,,,,,,,,,,,,,Default
Forever Resorts Pty Ltd,Tshipise A Forever Resort,Forever Resorts Pty Ltd - Tshipise A Forever Resort,,Forever Resorts Pty Ltd - Tshipise A Forever Resort,P O Box 4,Tshipise 0901,4850242290,,,,,,,,R 235.00,Snowva Ultimate Ice Maker,781159125409,,,,,,,,,,,,,,,,,,,,,,,,,,,,,,,Default
Gammatauworm Pty Ltd,,Gammatauworm Pty Ltd,,Gammatauworm Pty Ltd (Overland),"Overland, Shop2A","Mega Park, 30 Curie Ave, Bloemfontein",4270263983,,,,,,,,R 216.00,Snowva Ultimate Ice Maker,781159125409,,,,,,,,,,,,,,,,,,,,,,,,,,,,,,,Default
Gammatauworm Pty Ltd,Malmesbury,Gammatauworm Pty Ltd - Malmesbury,,Gammatauworm Pty Ltd (Overland),Shop 40 De Zwartland Market,"c/o N7 & Piketberg, Malmesbury",4270263983,,,,,,,,R 216.00,Snowva Ultimate Ice Maker,781159125409,,,,,,,,,,,,,,,,,,,,,,,,,,,,,,,Default
Garden Bleu Home,,Garden Bleu Home,,Garden Bleu Home,"Sshop 15, Cape Connection Lifestyle Village","59 Garsfontein Rroad, Maroelana",,,,,,,,,,,,,,,,,,,,,,,,,,,,,,,,,,,,R 60.00,BORKI,BRK-KIA01,,,,Default
Green trading CC,,Green trading CC,,Green Trading CC,Beestekraal,Brits,,,,,,,,,,,,,,,R 500.00,Makabrai,123456,,,,,,,,,,,,,,,,,,,,,,,,,Default
Gwk Beperk,Kimberley,Gwk Beperk - Kimberley,,Gwk Beperk,P O Box 47,Douglas,4770170431,,,,,,,,R 235.00,Snowva Ultimate Ice Maker,781159125409,R 375.00,Outray,123456,R 580.00,Makabrai,123456,R 420.00,Braai Grid - Medium,123456,R 540.00,Braai Grid - Medium,123456,R 820.00,Braai Grid - Large,123456,R 285.00,Braai Bak - 2.5l,123456,R 410.00,Braai Bak - 3.8l,123456,R 510.00,Braai Bak - 5.2l,123456,R 145.00,Borki,123456,,,,Default
Hahn & Hahn,,Hahn & Hahn,,Hahn & Hahn,P O Box 35091,"Menlopark, 0102",4550262697,,,,,,,,R 315.00,Snowva Ultimate Ice Maker,781159125409,R 375.00,Outray,123456,R 580.00,Makabrai,123456,R 420.00,Braai Grid - Medium,123456,R 540.00,Braai Grid - Medium,123456,R 820.00,Braai Grid - Large,123456,R 285.00,Braai Bak - 2.5l,123456,R 410.00,Braai Bak - 3.8l,123456,R 510.00,Braai Bak - 5.2l,123456,R 145.00,Borki,123456,,,,Default
Hi-range Safari City,Ex Vat transaction,Hi-range Safari City - Ex Vat transaction,,Hi-range Safari City,"Plot 22021, G-west Industrial","Gaborone, Botswana",C08775601113,,,,,,,,R 220.00,Snowva Ultimate Ice Maker,781159125409,,,,R 600.00,Makabrai,,R 450.00,Braai grid - Small,,R 720.00,Braai Grid - Medium,,,,,,,,,,,,,,,,,,,,Default
House Of Carpets Furniture & Appliance,,House Of Carpets Furniture & Appliance,,House Of Carpets Furniture & Appliance,44 Long Street,Bredasdorp,4170242103,,,,,,,,R 235.00,Snowva Ultimate Ice Maker,781159125409,R 375.00,Outray,123456,R 580.00,Makabrai,123456,R 420.00,Braai Grid - Medium,123456,R 540.00,Braai Grid - Medium,123456,R 820.00,Braai Grid - Large,123456,R 285.00,Braai Bak - 2.5l,123456,R 410.00,Braai Bak - 3.8l,123456,R 510.00,Braai Bak - 5.2l,123456,R 145.00,Borki,123456,,,,Default
Jtc Enterprises Cc,,Jtc Enterprises Cc,,Jtc Enterprises Cc,18 Mansfield Road,"Gordon'S Bay, Strand",4240248957,,,,,,,,R 235.00,Snowva Ultimate Ice Maker,781159125409,R 375.00,Outray,123456,R 580.00,Makabrai,123456,R 420.00,Braai Grid - Medium,123456,R 540.00,Braai Grid - Medium,123456,R 820.00,Braai Grid - Large,123456,R 285.00,Braai Bak - 2.5l,123456,R 410.00,Braai Bak - 3.8l,123456,R 510.00,Braai Bak - 5.2l,123456,R 145.00,Borki,123456,,,,Default
Kamdebo Padstal,,Kamdebo Padstal,,Kamdebo Padstal,Hopestraat 35,Aberdeen,,,,,,,,,R 235.00,Snowva Ultimate Ice Maker,781159125409,,,,,,,,,,,,,,,,,,,,,,,,,,,,,,,Default
Kampi Technologies,,Kampi Technologies,,Kampi Technologies,66 Bianca Crescent,"Montana Park, Pretoria",n/a,,,,,,,,R 235.00,Snowva Ultimate Ice Maker,781159125409,,,,,,,,,,,,,,,,,,,,,,,,,,,,,,,Default
Kimberley Wildman Hunting & Outdoor Pty Ltd,,Kimberley Wildman Hunting & Outdoor Pty Ltd,,Kimberley Wildman Hunting & Outdoor Pty Ltd,12 Fabricia Trading Ctr,"Shop E Fabricia
 Kimberley 8301",4220266003,,,,,,,,R 235.00,Snowva Ultimate Ice Maker,781159125409,R 1 300.00,BraaiTas,#BT01,R 580.00,Makabrai,123456,R 420.00,Braai Grid - Medium,GRID2525,R 680.00,Braai Grid - Medium,GRID4030,R 860.00,Braai Grid - Large,GRID4050,R 285.00,Braai Bak - 2.5l,123456,R 410.00,Braai Bak - 3.8l,123456,R 510.00,Braai Bak - 5.2l,123456,R 145.00,Borki,123456,,,,Default
Kings Meat Deli,Lynnwoodbridge,Kings Meat Deli - Lynnwoodbridge,,Waterkloof Oos Slaghuis t/a Kings Meat Deli,Shop 17,"Lynnwoodbridge Centre, Pretoria",4480151895,,,,,,,,R 216.00,Snowva Ultimate Ice Maker,781159125409,,,,R 600.00,Makabrai,MAK001,R 450.00,Makabrai Grid 25x25,GRI001,R 720.00,Makabrai Grid 40x30,GRI001,R 890.00,Makabrai Grid 40x50,GRI001,,,,,,,,,,,,,,,,Default
Kings Meat Deli,Castle Walk,Kings Meat Deli - Castle Walk,,Kings Meat Deli,c/o Lois & Castl Walk,"Erasmuskloof, 0048",,,,,,,,,R 216.00,Snowva Ultimate Ice Maker,781159125409,,,,R 600.00,Makabrai,MAK001,R 450.00,Makabrai Grid 25x25,GRI001,R 720.00,Makabrai Grid 40x30,GRI001,R 890.00,Makabrai Grid 50x40,GRI001,,,,,,,,,,,,,,,,Default
Kitchenique,,Kitchenique,,Kitchenique,58 Woodmead Retail Park,"Woodmead Drive
 Woodmead",4550148060,,,,,,,,R 216.00,Snowva Ultimate Ice Maker,781159125409,R 375.00,Outray,123456,R 580.00,Makabrai,123456,R 420.00,Braai Grid - Medium,123456,R 540.00,Braai Grid - Medium,123456,R 820.00,Braai Grid - Large,123456,R 285.00,Braai Bak - 2.5l,123456,R 410.00,Braai Bak - 3.8l,123456,R 510.00,Braai Bak - 5.2l,123456,R 65.00,Borki,123456,,,,Default
Koop en Bou De Doorns,,Koop en Bou De Doorns,,Koop en Bou De Doorns,5 La Rochelle weg,De Doorns 6875,4070157252,,,,,,,,R 235.00,Snowva Ultimate Ice Maker,781159125409,,,,,,,,,,,,,,,,,,,,,,,,,,,,,,,Default
Limeco Minerals Pty Ltd t/a Braailholix,,Limeco Minerals Pty Ltd t/a Braailholix,,Limeco Minerals t/a Braaiholix,95 Butler Road,"Nuffield, Springs",,,,,,,,,R 216.00,Snowva Ultimate Ice Maker,781159125409,,,,,,,,,,,,,,,,,,,,,,,,,,,,,,,Default
Lowveld Camp & Gas t/a the Great Outdoors,,Lowveld Camp & Gas t/a the Great Outdoors,,Lowveld Camp & Gas t/a the Great Outdoors,"Shop 5, Pick n Pay Centre",Hoedspruit,4480260670,,,,,,,,R 216.00,Snowva Ultimate Ice Maker,781159125409,R 325.00,Outray Travel Tray,OUT-1,R 600.00,Makabrai,759649094078,,,,,,,,,,,,,,,,,,,,,,,,,Default
Middelburg Caravan & Campworld,,Middelburg Caravan & Campworld,,Middelburg Caravan & Campworld,220 Cowen Ntuli Street,Middelburg Mpu,4830254936,,,,,,,,R 216.00,Snowva Ultimate Ice Maker,781159125409,R 375.00,Outray,123456,R 580.00,Makabrai,123456,R 420.00,Braai Grid - Medium,123456,R 540.00,Braai Grid - Medium,123456,R 820.00,Braai Grid - Large,123456,R 285.00,Braai Bak - 2.5l,123456,R 410.00,Braai Bak - 3.8l,123456,R 510.00,Braai Bak - 5.2l,123456,R 145.00,Borki,123456,,,,Default
Montspa,,Montspa,,Montspa,66 Bad Straat,Montagu,4400223980,,,,,,,,,,,,,,R 600.00,Makabrai,MAK001,,,,,,,,,,,,,,,,,,,,,,,,,Default
Natal Caravans & Marine,,Natal Caravans & Marine,,Natal Caravans & Marine,1 Wareing Road,"Pinetown
 3600",4900101066,,,,,,,,R 216.00,Snowva Ultimate Ice Maker,781159125409,R 375.00,Outray,123456,R 580.00,Makabrai,123456,R 420.00,Braai Grid - Medium,123456,R 540.00,Braai Grid - Medium,123456,R 820.00,Braai Grid - Large,123456,R 285.00,Braai Bak - 2.5l,123456,R 410.00,Braai Bak - 3.8l,123456,R 510.00,Braai Bak - 5.2l,123456,R 145.00,Borki,123456,,,,Default
Newco Traders Online,,Newco Traders Online,,Newco Traders Online,"Unit 1, 237 Pearce Road","Nuffield, Springs",n/a,,,,,,,,R 235.00,Snowva Ultimate Ice Maker,781159125409,,,,R 600.00,Makabrai,,,,,,,,,,,,,,,,,,,,,,,,,,Default
Noags Market Pty Ltd,,Noags Market Pty Ltd,,Noags Market Pty Ltd,19 Pomona Road,Kempton Park,4500157369,,,,,,,,R 235.00,Snowva Ultimate Ice Maker,781159125409,,,,R 600.00,Makabrai,MAK001,R 520.00,Braai grid - Small,2525,R 720.00,Braai Grid - Medium,4030,,,,,,,,,,,,,,,,,,,Default
Nyama Catering,,Nyama Catering,,Nyama Catering,630 Goukamma Street,"Erasmuskloof, 0048",4050244187,,,,,,,,R 216.00,Snowva Ultimate Ice Maker,781159125409,,,,R 600.00,Makabrai,759649094078,,,,,,,,,,,,,,,,,,,,,,,,,Default
Obaro,Brits,Obaro - Brits,,Obaro - Brits,Tom Street 81,Brits,4270172119,,,,,,,,R 235.00,Snowva Ultimate Ice Maker,781159125409,R 375.00,Outray,123456,R 580.00,Makabrai,123456,R 420.00,Braai Grid - Medium,123456,R 540.00,Braai Grid - Medium,123456,R 820.00,Braai Grid - Large,123456,R 285.00,Braai Bak - 2.5l,123456,R 410.00,Braai Bak - 3.8l,123456,R 510.00,Braai Bak - 5.2l,123456,R 145.00,Borki,123456,,,,Default
Obaro,Hartbeespoort,Obaro - Hartbeespoort,,Obaro - Hartbeespoort,Handelspost Sentrum,Hartbeespoort,4270172119,,,,,,,,R 235.00,Snowva Ultimate Ice Maker,781159125409,R 375.00,Outray,123456,R 580.00,Makabrai,123456,R 420.00,Braai Grid - Medium,123456,R 540.00,Braai Grid - Medium,123456,R 820.00,Braai Grid - Large,123456,R 285.00,Braai Bak - 2.5l,123456,R 410.00,Braai Bak - 3.8l,123456,R 510.00,Braai Bak - 5.2l,123456,R 145.00,Borki,123456,,,,Default
Obaro,Hartswater,Obaro - Hartswater,,Obaro - Hartswater,Perseel 4G6,Vaalharts Settlement,4270172119,,,,,,,,R 235.00,Snowva Ultimate Ice Maker,781159125409,R 375.00,Outray,123456,R 580.00,Makabrai,123456,R 420.00,Braai Grid - Medium,123456,R 540.00,Braai Grid - Medium,123456,R 820.00,Braai Grid - Large,123456,R 285.00,Braai Bak - 2.5l,123456,R 410.00,Braai Bak - 3.8l,123456,R 510.00,Braai Bak - 5.2l,123456,R 145.00,Borki,123456,,,,Default
Obaro,Hoedspruit,Obaro - Hoedspruit,,Obaro - Hoedspruit,Moose Street,Hoedspruit,4270172119,,,,,,,,R 235.00,Snowva Ultimate Ice Maker,781159125409,R 375.00,Outray,123456,R 580.00,Makabrai,123456,R 420.00,Braai Grid - Medium,123456,R 540.00,Braai Grid - Medium,123456,R 820.00,Braai Grid - Large,123456,R 285.00,Braai Bak - 2.5l,123456,R 410.00,Braai Bak - 3.8l,123456,R 510.00,Braai Bak - 5.2l,123456,R 145.00,Borki,123456,,,,Default
Obaro,Koedoeskop,Obaro - Koedoeskop,,Obaro - Koedoeskop,Thabazimbi Pad R571,Koedoeskop,4270172119,,,,,,,,R 235.00,Snowva Ultimate Ice Maker,781159125409,R 375.00,Outray,123456,R 580.00,Makabrai,123456,R 420.00,Braai Grid - Medium,123456,R 540.00,Braai Grid - Medium,123456,R 820.00,Braai Grid - Large,123456,R 285.00,Braai Bak - 2.5l,123456,R 410.00,Braai Bak - 3.8l,123456,R 510.00,Braai Bak - 5.2l,123456,R 145.00,Borki,123456,,,,Default
Obaro,Lydenburg,Obaro - Lydenburg,,Obaro - Lydenburg,Kooperasie Str 71,Lydenburg,4270172119,,,,,,,,R 235.00,Snowva Ultimate Ice Maker,781159125409,R 375.00,Outray,123456,R 580.00,Makabrai,123456,R 420.00,Braai Grid - Medium,123456,R 540.00,Braai Grid - Medium,123456,R 820.00,Braai Grid - Large,123456,R 285.00,Braai Bak - 2.5l,123456,R 410.00,Braai Bak - 3.8l,123456,R 510.00,Braai Bak - 5.2l,123456,R 145.00,Borki,123456,,,,Default
Obaro,Malelane,Obaro - Malelane,,Obaro - Malelane,Rooibok Street,Malelane,4270172119,,,,,,,,R 235.00,Snowva Ultimate Ice Maker,781159125409,R 375.00,Outray,123456,R 580.00,Makabrai,123456,R 420.00,Braai Grid - Medium,123456,R 540.00,Braai Grid - Medium,123456,R 820.00,Braai Grid - Large,123456,R 285.00,Braai Bak - 2.5l,123456,R 410.00,Braai Bak - 3.8l,123456,R 510.00,Braai Bak - 5.2l,123456,R 145.00,Borki,123456,,,,Default
Obaro,Marble Hall,Obaro - Marble Hall,,Obaro - Marble Hall,Industriaweg 506,Marble Hall,,,,,,,,,R 315.00,Snowva Ultimate Ice Maker,781159125409,R 375.00,Outray,123456,R 580.00,Makabrai,123456,R 540.00,Braai Grid - Medium,123456,R 820.00,Braai Grid - Large,123456,R 285.00,Braai Bak - 2.5l,123456,R 410.00,Braai Bak - 3.8l,123456,R 510.00,Braai Bak - 5.2l,123456,R 420.00,Braai Grid - Small,123456,R 145.00,Borki,123456,,,,Default
Obaro,Middelburg,Obaro - Middelburg,,Obaro - Middelburg,11 July Street,Middelburg,4270172119,,,,,,,,R 235.00,Snowva Ultimate Ice Maker,781159125409,R 375.00,Outray,123456,R 580.00,Makabrai,123456,R 420.00,Braai Grid - Medium,123456,R 540.00,Braai Grid - Medium,123456,R 820.00,Braai Grid - Large,123456,R 285.00,Braai Bak - 2.5l,123456,R 410.00,Braai Bak - 3.8l,123456,R 510.00,Braai Bak - 5.2l,123456,R 145.00,Borki,123456,,,,Default
Obaro,Potgietersrus,Obaro - Potgietersrus,,Obaro - Potgietersrus,Van Riebeeck Weg,"Zebedielapad, Potgietersrus",4270172119,,,,,,,,R 235.00,Snowva Ultimate Ice Maker,781159125409,R 375.00,Outray,123456,R 580.00,Makabrai,123456,R 420.00,Braai Grid - Medium,123456,R 540.00,Braai Grid - Medium,123456,R 820.00,Braai Grid - Large,123456,R 285.00,Braai Bak - 2.5l,123456,R 410.00,Braai Bak - 3.8l,123456,R 510.00,Braai Bak - 5.2l,123456,R 145.00,Borki,123456,,,,Default
Obaro,Rustenburg,Obaro - Rustenburg,,Obaro - Rustenburg,Lucas Straat,Rustenburg,4270172119,,,,,,,,R 235.00,Snowva Ultimate Ice Maker,781159125409,R 375.00,Outray,123456,R 580.00,Makabrai,123456,R 420.00,Braai Grid - Medium,123456,R 540.00,Braai Grid - Medium,123456,R 820.00,Braai Grid - Large,123456,R 285.00,Braai Bak - 2.5l,123456,R 410.00,Braai Bak - 3.8l,123456,R 510.00,Braai Bak - 5.2l,123456,R 145.00,Borki,123456,,,,Default
Obaro,Rustenburg,Obaro - Rustenburg,,Obaro - Rustenburg,Lucas Straat,Rustenburg,4270172119,,,,,,,,R 235.00,Snowva Ultimate Ice Maker,781159125409,R 375.00,Outray,123456,R 580.00,Makabrai,123456,R 420.00,Braai Grid - Medium,123456,R 540.00,Braai Grid - Medium,123456,R 820.00,Braai Grid - Large,123456,R 285.00,Braai Bak - 2.5l,123456,R 410.00,Braai Bak - 3.8l,123456,R 510.00,Braai Bak - 5.2l,123456,R 145.00,Borki,123456,,,,Default
Obaro,Schuinsdrift,Obaro - Schuinsdrift,,Obaro - Schuinsdrift,Veeplaas,Schuinsdrift,4270172119,,,,,,,,R 235.00,Snowva Ultimate Ice Maker,781159125409,R 375.00,Outray,123456,R 580.00,Makabrai,123456,R 420.00,Braai Grid - Medium,123456,R 540.00,Braai Grid - Medium,123456,R 820.00,Braai Grid - Large,123456,R 285.00,Braai Bak - 2.5l,123456,R 410.00,Braai Bak - 3.8l,123456,R 510.00,Braai Bak - 5.2l,123456,R 145.00,Borki,123456,,,,Default
Obaro,Thabazimbi,Obaro - Thabazimbi,,Obaro - Thabazimbi,Warmbad Weg,Thabazimbi,4270172119,,,,,,,,R 235.00,Snowva Ultimate Ice Maker,781159125409,R 375.00,Outray,123456,R 580.00,Makabrai,123456,R 420.00,Braai Grid - Medium,123456,R 540.00,Braai Grid - Medium,123456,R 820.00,Braai Grid - Large,123456,R 285.00,Braai Bak - 2.5l,123456,R 410.00,Braai Bak - 3.8l,123456,R 510.00,Braai Bak - 5.2l,123456,R 145.00,Borki,123456,,,,Default
Obaro,Tijgervallei,Obaro - Tijgervallei,,Obaro - Tijgervallei,C/O Graham And Silver Lakes Rd,Hazeldean,4270172119,,,,,,,,R 235.00,Snowva Ultimate Ice Maker,781159125409,R 375.00,Outray,123456,R 580.00,Makabrai,123456,R 420.00,Braai Grid - Medium,123456,R 540.00,Braai Grid - Medium,123456,R 820.00,Braai Grid - Large,123456,R 285.00,Braai Bak - 2.5l,123456,R 410.00,Braai Bak - 3.8l,123456,R 510.00,Braai Bak - 5.2l,123456,R 145.00,Borki,123456,,,,Default
Obaro,Vaalwater,Obaro - Vaalwater,,Obaro - Vaalwater,H/V Voortrekker & Mark Str,Vaalwater,4270172119,,,,,,,,R 235.00,Snowva Ultimate Ice Maker,781159125409,R 375.00,Outray,123456,R 580.00,Makabrai,123456,R 420.00,Braai Grid - Medium,123456,R 540.00,Braai Grid - Medium,123456,R 820.00,Braai Grid - Large,123456,R 285.00,Braai Bak - 2.5l,123456,R 410.00,Braai Bak - 3.8l,123456,R 510.00,Braai Bak - 5.2l,123456,R 145.00,Borki,123456,,,,Default
Obaro,Wonderboom,Obaro - Wonderboom,,Obaro - Wonderboom,Lavenderweg 107,Wonderboom,4270172119,,,,,,,,R 235.00,Snowva Ultimate Ice Maker,781159125409,R 375.00,Outray,123456,R 580.00,Makabrai,123456,R 420.00,Braai Grid - Medium,123456,R 540.00,Braai Grid - Medium,123456,R 820.00,Braai Grid - Large,123456,R 285.00,Braai Bak - 2.5l,123456,R 410.00,Braai Bak - 3.8l,123456,R 510.00,Braai Bak - 5.2l,123456,R 145.00,Borki,123456,,,,Default
Obaro,Groblersdal,Obaro - Groblersdal,,Obaro Groblersdal,Van Riebeeckweg 28,Groblersdal,4270172119,,,,,,,,R 235.00,Snowva Ultimate Ice Maker,781159125409,,,,,,,,,,,,,,,,,,,,,,,,,,,,,,,Default
Obaro,Naboomspruit,Obaro - Naboomspruit,,Obaro Naboomspruit,Thabo Mbeki str 65,Naboomspruit,4270172119,,,,,,,,R 235.00,Snowva Ultimate Ice Maker,781159125409,,,,,,,,,,,,,,,,,,,,,,,,,,,,,,,Default
Obaro,Potchefstroom,Obaro - Potchefstroom,,Obaro Pothefstroom,"Hoewe 1, Wilgeboom Landbou Hoewens",Potchefstroom,4270172119,,,,,,,,R 235.00,Snowva Ultimate Ice Maker,781159125409,,,,,,,,,,,,,,,,,,,,,,,,,,,,,,,Default
Obaro,Dwaalboom,Obaro - Dwaalboom,,Obaro Dwaalboom,Hoofstraat,"Dwaalboom, 0385",4270172119,,,,,,,,R 235.00,Snowva Ultimate Ice Maker,781159125409,,,,,,,,,,,,,,,,,,,,,,,,,,,,,,,Default
Obaro,Komatipoort,Obaro - Komatipoort,,Obaro Komatipoort,Rissik Straat,Komatipoort,4270172119,,,,,,,,R 235.00,Snowva Ultimate Ice Maker,781159125409,,,,,,,,,,,,,,,,,,,,,,,,,,,,,,,Default
Obaro,,,,,,,,,,,,,,,,,,,,,,,,,,,,,,,,,,,,,,,,,,,,,,,,Default
Ons Braai Winkel,7 Industria Rd,Ons Braai Winkel - 7 Industria Rd,,Ons Braai Winkel,Langs Coastline Solar,Strand,,,,,,,,,R 315.00,Snowva Ultimate Ice Maker,781159125409,R 375.00,Outray,123456,R 580.00,Makabrai,123456,R 420.00,Braai Grid - Medium,123456,R 540.00,Braai Grid - Medium,123456,R 820.00,Braai Grid - Large,123456,R 285.00,Braai Bak - 2.5l,123456,R 410.00,Braai Bak - 3.8l,123456,R 510.00,Braai Bak - 5.2l,123456,R 145.00,Borki,123456,,,,Default
Outdoor Gas & Equipment,9 John Bailie Street,Outdoor Gas & Equipment - 9 John Bailie Street,,Outdoor Gas & Equipment,"John Bailie Square, Klipfontein",Witbank,4450224318,,,,,,,,R 315.00,Snowva Ultimate Ice Maker,781159125409,R 375.00,Outray,123456,R 580.00,Makabrai,123456,R 420.00,Braai Grid - Medium,123456,R 540.00,Braai Grid - Medium,123456,R 820.00,Braai Grid - Large,123456,R 285.00,Braai Bak - 2.5l,123456,R 410.00,Braai Bak - 3.8l,123456,R 510.00,Braai Bak - 5.2l,123456,R 145.00,Borki,123456,,,,Default
Outdoor Junction Cc,,Outdoor Junction Cc,,Outdoor Junction Cc,P O Box 886,Bothaville,4180246565,,,,,,,,R 235.00,Snowva Ultimate Ice Maker,781159125409,R 375.00,Outray,123456,R 580.00,Makabrai,123456,R 420.00,Braai Grid - Medium,123456,R 540.00,Braai Grid - Medium,123456,R 820.00,Braai Grid - Large,123456,R 285.00,Braai Bak - 2.5l,123456,R 410.00,Braai Bak - 3.8l,123456,R 510.00,Braai Bak - 5.2l,123456,R 145.00,Borki,123456,,,,Default
Outdoor Warehouse,Alberton,Outdoor Warehouse - Alberton,315,"Holdsport Group Pty Ltd 
 t/a Outdoor Warehouse",P O Box 2721,"Cape Town, 8000",4270172119,Shop 25,Cnr Heidelberg & Ascot Rd,Mall At Newmarket,Newmarket Park,Alberton,1449,"Shop 25
 Cnr Heidelberg & Ascot Rd
 Mall At Newmarket
 Newmarket Park
 Alberton
 1449",R 206.00,Snowva Ultimate Ice Tray *_Blue Assorted,1013250,R 375.00,Outray,123456,R 580.00,Makabrai,123456,R 420.00,Braai Grid - Medium,123456,R 540.00,Braai Grid - Medium,123456,R 820.00,Braai Grid - Large,123456,R 285.00,Braai Bak - 2.5l,123456,R 410.00,Braai Bak - 3.8l,123456,R 510.00,Braai Bak - 5.2l,123456,R 145.00,Borki,123456,,,,Default
Outdoor Warehouse,Ballito,Outdoor Warehouse - Ballito,333,"Holdsport Group Pty Ltd 
 t/a Outdoor Warehouse",P O Box 2721,"Cape Town, 8000",4270172119,Shop No 65Dr,Ballito Lifestyle Centre,Cnr 398 And 445 Main Road,,Ballito,4399,"Shop No 65Dr
 Ballito Lifestyle Centre
 Cnr 398 And 445 Main Road
 Ballito
 4399",R 206.00,Snowva Ultimate Ice Tray *_Blue Assorted,1013250,R 375.00,Outray,123456,R 580.00,Makabrai,123456,R 420.00,Braai Grid - Medium,123456,R 540.00,Braai Grid - Medium,123456,R 820.00,Braai Grid - Large,123456,R 285.00,Braai Bak - 2.5l,123456,R 410.00,Braai Bak - 3.8l,123456,R 510.00,Braai Bak - 5.2l,123456,R 145.00,Borki,123456,,,,Default
Outdoor Warehouse,Bellville,Outdoor Warehouse - Bellville,304,"Holdsport Group Pty Ltd 
 t/a Outdoor Warehouse",P O Box 2721,"Cape Town, 8000",4270172119,Centurion Gate,Willowbridge North Sh/Centre,Cnr Old Oak Road & Carl Cronje Drive,Tygervalley,Bellville,7530,"Centurion Gate
 Willowbridge North Sh/Centre
 Cnr Old Oak Road & Carl Cronje Drive
 Tygervalley
 Bellville
 7530",R 206.00,Snowva Ultimate Ice Tray *_Blue Assorted,1013250,R 375.00,Outray,123456,R 580.00,Makabrai,123456,R 420.00,Braai Grid - Medium,123456,R 540.00,Braai Grid - Medium,123456,R 820.00,Braai Grid - Large,123456,R 285.00,Braai Bak - 2.5l,123456,R 410.00,Braai Bak - 3.8l,123456,R 510.00,Braai Bak - 5.2l,123456,R 145.00,Borki,123456,,,,Default
Outdoor Warehouse,Boksburg,Outdoor Warehouse - Boksburg,301,"Holdsport Group Pty Ltd 
 t/a Outdoor Warehouse",P O Box 2721,"Cape Town, 8000",4270172119,Rocnic Industrial Park,75 North Rand Road,Hughes,,Boksburg,1459,"Rocnic Industrial Park
 75 North Rand Road
 Hughes
 Boksburg
 1459",R 206.00,Snowva Ultimate Ice Tray *_Blue Assorted,1013250,R 375.00,Outray,123456,R 580.00,Makabrai,123456,R 420.00,Braai Grid - Medium,123456,R 540.00,Braai Grid - Medium,123456,R 820.00,Braai Grid - Large,123456,R 285.00,Braai Bak - 2.5l,123456,R 410.00,Braai Bak - 3.8l,123456,R 510.00,Braai Bak - 5.2l,123456,R 145.00,Borki,123456,,,,Default
Outdoor Warehouse,Centurion,Outdoor Warehouse - Centurion,302,"Holdsport Group Pty Ltd 
 t/a Outdoor Warehouse",P O Box 2721,"Cape Town, 8000",4270172119,Centurion Gate,Cnr John Vorster Drive & Akkerboom Str,,Zwartkop,,,"Centurion Gate
 Cnr John Vorster Drive & Akkerboom Str
 Zwartkop",R 206.00,Snowva Ultimate Ice Tray *_Blue Assorted,1013250,R 375.00,Outray,123456,R 580.00,Makabrai,123456,R 420.00,Braai Grid - Medium,123456,R 540.00,Braai Grid - Medium,123456,R 820.00,Braai Grid - Large,123456,R 285.00,Braai Bak - 2.5l,123456,R 410.00,Braai Bak - 3.8l,123456,R 510.00,Braai Bak - 5.2l,123456,R 145.00,Borki,123456,,,,Default
Outdoor Warehouse,East London,Outdoor Warehouse - East London,321,"Holdsport Group Pty Ltd 
 t/a Outdoor Warehouse",P O Box 2721,"Cape Town, 8000",4270172119,Shop 6B,Beacon Bay Crossing,Bonza Bay Road,Beacon Bay,East London,5241,"Shop 6B
 Beacon Bay Crossing
 Bonza Bay Road
 Beacon Bay
 East London
 5241",R 206.00,Snowva Ultimate Ice Tray *_Blue Assorted,1013250,R 375.00,Outray,123456,R 580.00,Makabrai,123456,R 420.00,Braai Grid - Medium,123456,R 540.00,Braai Grid - Medium,123456,R 820.00,Braai Grid - Large,123456,R 285.00,Braai Bak - 2.5l,123456,R 410.00,Braai Bak - 3.8l,123456,R 510.00,Braai Bak - 5.2l,123456,R 145.00,Borki,123456,,,,Default
Outdoor Warehouse,Fourways,Outdoor Warehouse - Fourways,312,"Holdsport Group Pty Ltd 
 t/a Outdoor Warehouse",P O Box 2721,"Cape Town, 8000",4270172119,Shop G4,Fourways Crossing Retail Centre,Cnr William Nicol & Sunrise Boulevard,Fourways,,2191,"Shop G4
 Fourways Crossing Retail Centre
 Cnr William Nicol & Sunrise Boulevard
 Fourways
 2191",R 206.00,Snowva Ultimate Ice Tray *_Blue Assorted,1013250,R 375.00,Outray,123456,R 580.00,Makabrai,123456,R 420.00,Braai Grid - Medium,123456,R 540.00,Braai Grid - Medium,123456,R 820.00,Braai Grid - Large,123456,R 285.00,Braai Bak - 2.5l,123456,R 410.00,Braai Bak - 3.8l,123456,R 510.00,Braai Bak - 5.2l,123456,R 145.00,Borki,123456,,,,Default
Outdoor Warehouse,George,Outdoor Warehouse - George,328,"Holdsport Group Pty Ltd 
 t/a Outdoor Warehouse",P O Box 2721,"Cape Town, 8000",4270172119,Shop 47,Eden Meander Lifestyle Centre,Cnr Knysna & N2 Roads,,George,6530,"Shop 47
 Eden Meander Lifestyle Centre
 Cnr Knysna & N2 Roads
 George
 6530",R 206.00,Snowva Ultimate Ice Tray *_Blue Assorted,1013250,R 375.00,Outray,123456,R 580.00,Makabrai,123456,R 420.00,Braai Grid - Medium,123456,R 540.00,Braai Grid - Medium,123456,R 820.00,Braai Grid - Large,123456,R 285.00,Braai Bak - 2.5l,123456,R 410.00,Braai Bak - 3.8l,123456,R 510.00,Braai Bak - 5.2l,123456,R 145.00,Borki,123456,,,,Default
Outdoor Warehouse,Hermanus,Outdoor Warehouse - Hermanus,340,"Holdsport Group Pty Ltd 
 t/a Outdoor Warehouse",P O Box 2721,"Cape Town, 8000",4270172119,Whale Coast Mall,,Sandbaai,,Hermanus,7201,"Whale Coast Mall
 Sandbaai
 Hermanus
 7201",R 206.00,Snowva Ultimate Ice Tray *_Blue Assorted,1013250,R 375.00,Outray,123456,R 580.00,Makabrai,123456,R 420.00,Braai Grid - Medium,123456,R 540.00,Braai Grid - Medium,123456,R 820.00,Braai Grid - Large,123456,R 285.00,Braai Bak - 2.5l,123456,R 410.00,Braai Bak - 3.8l,123456,R 510.00,Braai Bak - 5.2l,123456,R 145.00,Borki,123456,,,,Default
Outdoor Warehouse,Modderfontein,Outdoor Warehouse - Modderfontein,320,"Holdsport Group Pty Ltd 
 t/a Outdoor Warehouse",P O Box 2721,"Cape Town, 8000",4270172119,Blackrock St Shop 70 & 71,"Stoneridge Centre,",Modderfontein,,Lethabong,1609,"Blackrock St Shop 70 & 71
 Stoneridge Centre,
 Modderfontein
 Lethabong
 1609",R 206.00,Snowva Ultimate Ice Tray *_Blue Assorted,1013250,R 375.00,Outray,123456,R 580.00,Makabrai,123456,R 420.00,Braai Grid - Medium,123456,R 540.00,Braai Grid - Medium,123456,R 820.00,Braai Grid - Large,123456,R 285.00,Braai Bak - 2.5l,123456,R 410.00,Braai Bak - 3.8l,123456,R 510.00,Braai Bak - 5.2l,123456,R 145.00,Borki,123456,,,,Default
Outdoor Warehouse,Nelspruit,Outdoor Warehouse - Nelspruit,314,"Holdsport Group Pty Ltd 
 t/a Outdoor Warehouse",P O Box 2721,"Cape Town, 8000",4270172119,Nelspruit Crossing Centre,Cnr N4 And Madiba Drive,,,Nelspruit,1201,"Nelspruit Crossing Centre
 Cnr N4 And Madiba Drive
 Nelspruit
 1201",R 206.00,Snowva Ultimate Ice Tray *_Blue Assorted,1013250,R 375.00,Outray,123456,R 580.00,Makabrai,123456,R 420.00,Braai Grid - Medium,123456,R 540.00,Braai Grid - Medium,123456,R 820.00,Braai Grid - Large,123456,R 285.00,Braai Bak - 2.5l,123456,R 410.00,Braai Bak - 3.8l,123456,R 510.00,Braai Bak - 5.2l,123456,R 145.00,Borki,123456,,,,Default
Outdoor Warehouse,Paarl,Outdoor Warehouse - Paarl,334,"Holdsport Group Pty Ltd 
 t/a Outdoor Warehouse",P O Box 2721,"Cape Town, 8000",4270172119,11919 La Concorde Builders Precinct,Cecelia Street,,,Paarl,7646,"11919 La Concorde Builders Precinct
 Cecelia Street
 Paarl
 7646",R 206.00,Snowva Ultimate Ice Tray *_Blue Assorted,1013250,R 375.00,Outray,123456,R 580.00,Makabrai,123456,R 420.00,Braai Grid - Medium,123456,R 540.00,Braai Grid - Medium,123456,R 820.00,Braai Grid - Large,123456,R 285.00,Braai Bak - 2.5l,123456,R 410.00,Braai Bak - 3.8l,123456,R 510.00,Braai Bak - 5.2l,123456,R 145.00,Borki,123456,,,,Default
Outdoor Warehouse,Pietermaritzburg,Outdoor Warehouse - Pietermaritzburg,327,"Holdsport Group Pty Ltd 
 t/a Outdoor Warehouse",P O Box 2721,"Cape Town, 8000",4270172119,Shop G106,Cascades Shopping Centre,Mccarthy Drive,Montrose,Pietermaritzburg,3201,"Shop G106
 Cascades Shopping Centre
 Mccarthy Drive
 Montrose
 Pietermaritzburg
 3201",R 206.00,Snowva Ultimate Ice Tray *_Blue Assorted,1013250,R 375.00,Outray,123456,R 580.00,Makabrai,123456,R 420.00,Braai Grid - Medium,123456,R 540.00,Braai Grid - Medium,123456,R 820.00,Braai Grid - Large,123456,R 285.00,Braai Bak - 2.5l,123456,R 410.00,Braai Bak - 3.8l,123456,R 510.00,Braai Bak - 5.2l,123456,R 145.00,Borki,123456,,,,Default
Outdoor Warehouse,Polokwane,Outdoor Warehouse - Polokwane,337,"Holdsport Group Pty Ltd 
 t/a Outdoor Warehouse",P O Box 2721,"Cape Town, 8000",4270172119,The Farmyard Trading Post,C/O Munnik & School Road,Bendor Extension 115,,Polokwane,700,"The Farmyard Trading Post
 C/O Munnik & School Road
 Bendor Extension 115
 Polokwane
 0700",R 206.00,Snowva Ultimate Ice Tray *_Blue Assorted,1013250,R 375.00,Outray,123456,R 580.00,Makabrai,123456,R 420.00,Braai Grid - Medium,123456,R 540.00,Braai Grid - Medium,123456,R 820.00,Braai Grid - Large,123456,R 285.00,Braai Bak - 2.5l,123456,R 410.00,Braai Bak - 3.8l,123456,R 510.00,Braai Bak - 5.2l,123456,R 145.00,Borki,123456,,,,Default
Outdoor Warehouse,Port Elizabeth,Outdoor Warehouse - Port Elizabeth,317,"Holdsport Group Pty Ltd 
 t/a Outdoor Warehouse",P O Box 2721,"Cape Town, 8000",4270172119,Shop 1,Maritime Retail Park,William Moffett Express Way,,Walmer,6070,"Shop 1
 Maritime Retail Park
 William Moffett Express Way
 Walmer
 6070",R 206.00,Snowva Ultimate Ice Tray *_Blue Assorted,1013250,R 375.00,Outray,123456,R 580.00,Makabrai,123456,R 420.00,Braai Grid - Medium,123456,R 540.00,Braai Grid - Medium,123456,R 820.00,Braai Grid - Large,123456,R 285.00,Braai Bak - 2.5l,123456,R 410.00,Braai Bak - 3.8l,123456,R 510.00,Braai Bak - 5.2l,123456,R 145.00,Borki,123456,,,,Default
Outdoor Warehouse,Potchefstroom,Outdoor Warehouse - Potchefstroom,332,"Holdsport Group Pty Ltd 
 t/a Outdoor Warehouse",P O Box 2721,"Cape Town, 8000",4270172119,Vyfhoek Shopping Centre,Cnr Of R501 & Kremetart Street,,,Potchefstroom,2531,"Vyfhoek Shopping Centre
 Cnr Of R501 & Kremetart Street
 Potchefstroom
 2531",R 206.00,Snowva Ultimate Ice Tray *_Blue Assorted,1013250,R 375.00,Outray,123456,R 580.00,Makabrai,123456,R 420.00,Braai Grid - Medium,123456,R 540.00,Braai Grid - Medium,123456,R 820.00,Braai Grid - Large,123456,R 285.00,Braai Bak - 2.5l,123456,R 410.00,Braai Bak - 3.8l,123456,R 510.00,Braai Bak - 5.2l,123456,R 145.00,Borki,123456,,,,Default
Outdoor Warehouse,Pretoria East,Outdoor Warehouse - Pretoria East,319,"Holdsport Group Pty Ltd 
 t/a Outdoor Warehouse",P O Box 2721,"Cape Town, 8000",4270172119,Shop Ul 02,Six Fountains Lifestyle & Décor Centre,"Hans Strydom Drive
 Six Fountains Ext 5",Silver Lakes,Pretoria,81,"Shop Ul 02
 Six Fountains Lifestyle & Décor Centre
 Hans Strydom Drive
 Six Fountains Ext 5
 Silver Lakes
 Pretoria
 0081",R 206.00,Snowva Ultimate Ice Tray *_Blue Assorted,1013250,R 375.00,Outray,123456,R 580.00,Makabrai,123456,R 420.00,Braai Grid - Medium,123456,R 540.00,Braai Grid - Medium,123456,R 820.00,Braai Grid - Large,123456,R 285.00,Braai Bak - 2.5l,123456,R 410.00,Braai Bak - 3.8l,123456,R 510.00,Braai Bak - 5.2l,123456,R 145.00,Borki,123456,,,,Default
Outdoor Warehouse,Randburg,Outdoor Warehouse - Randburg,331,"Holdsport Group Pty Ltd 
 t/a Outdoor Warehouse",P O Box 2721,"Cape Town, 8000",4270172119,Shop L1,Republic Road,Ferndale,Randburg,,,"Shop L1
 Republic Road
 Ferndale
 Randburg",R 206.00,Snowva Ultimate Ice Tray *_Blue Assorted,1013250,R 375.00,Outray,123456,R 580.00,Makabrai,123456,R 420.00,Braai Grid - Medium,123456,R 540.00,Braai Grid - Medium,123456,R 820.00,Braai Grid - Large,123456,R 285.00,Braai Bak - 2.5l,123456,R 410.00,Braai Bak - 3.8l,123456,R 510.00,Braai Bak - 5.2l,123456,R 145.00,Borki,123456,,,,Default
Outdoor Warehouse,Rondebosch,Outdoor Warehouse - Rondebosch,324,"Holdsport Group Pty Ltd 
 t/a Outdoor Warehouse",P O Box 2721,"Cape Town, 8000",4270172119,34 Klipfontein Road,,,,Rondebosch,7700,"34 Klipfontein Road
 Rondebosch
 7700",R 206.00,Snowva Ultimate Ice Tray *_Blue Assorted,1013250,R 375.00,Outray,123456,R 580.00,Makabrai,123456,R 420.00,Braai Grid - Medium,123456,R 540.00,Braai Grid - Medium,123456,R 820.00,Braai Grid - Large,123456,R 285.00,Braai Bak - 2.5l,123456,R 410.00,Braai Bak - 3.8l,123456,R 510.00,Braai Bak - 5.2l,123456,R 145.00,Borki,123456,,,,Default
Outdoor Warehouse,Rustenburg,Outdoor Warehouse - Rustenburg,323,"Holdsport Group Pty Ltd 
 t/a Outdoor Warehouse",P O Box 2721,"Cape Town, 8000",4270172119,Shop 15,Platinum Square,Cnr Howick Avenue & Platinum Boulevard,Cashan,Rustenburg,299,"Shop 15
 Platinum Square
 Cnr Howick Avenue & Platinum Boulevard
 Cashan
 Rustenburg
 0299",R 206.00,Snowva Ultimate Ice Tray *_Blue Assorted,1013250,R 375.00,Outray,123456,R 580.00,Makabrai,123456,R 420.00,Braai Grid - Medium,123456,R 540.00,Braai Grid - Medium,123456,R 820.00,Braai Grid - Large,123456,R 285.00,Braai Bak - 2.5l,123456,R 410.00,Braai Bak - 3.8l,123456,R 510.00,Braai Bak - 5.2l,123456,R 145.00,Borki,123456,,,,Default
Outdoor Warehouse,Somerset West,Outdoor Warehouse - Somerset West,307,"Holdsport Group Pty Ltd 
 t/a Outdoor Warehouse",P O Box 2721,"Cape Town, 8000",4270172119,The Interchange,5 Dynagel Street,The interchange,5 Dynagel street,Somerset West,7130,"The Interchange
 5 Dynagel Street
 The interchange
 5 Dynagel street
 Somerset West
 7130",R 206.00,Snowva Ultimate Ice Tray *_Blue Assorted,1013250,R 375.00,Outray,123456,R 580.00,Makabrai,123456,R 420.00,Braai Grid - Medium,123456,R 540.00,Braai Grid - Medium,123456,R 820.00,Braai Grid - Large,123456,R 285.00,Braai Bak - 2.5l,123456,R 410.00,Braai Bak - 3.8l,123456,R 510.00,Braai Bak - 5.2l,123456,R 145.00,Borki,123456,,,,Default
Outdoor Warehouse,Springfield,Outdoor Warehouse - Springfield,309,"Holdsport Group Pty Ltd 
 t/a Outdoor Warehouse",P O Box 2721,"Cape Town, 8000",4270172119,Shop M9,The Home Centre,Cn Umgeni & Ilala Roads,Springfield,Durban,4091,"Shop M9
 The Home Centre
 Cn Umgeni & Ilala Roads
 Springfield
 Durban
 4091",R 206.00,Snowva Ultimate Ice Tray *_Blue Assorted,1013250,R 375.00,Outray,123456,R 580.00,Makabrai,123456,R 420.00,Braai Grid - Medium,123456,R 540.00,Braai Grid - Medium,123456,R 820.00,Braai Grid - Large,123456,R 285.00,Braai Bak - 2.5l,123456,R 410.00,Braai Bak - 3.8l,123456,R 510.00,Braai Bak - 5.2l,123456,R 145.00,Borki,123456,,,,Default
Outdoor Warehouse,Strubens Valley,Outdoor Warehouse - Strubens Valley,313,"Holdsport Group Pty Ltd 
 t/a Outdoor Warehouse",P O Box 2721,"Cape Town, 8000",4270172119,Shop 3,Retail Crossing - West Rand,Cnr Hendrik Potgieter Road & Nic Diederichs Boulevrad,Wilgeheuwel,Roodepoort,1724,"Shop 3
 Retail Crossing - West Rand
 Cnr Hendrik Potgieter Road & Nic Diederichs Boulevrad
 Wilgeheuwel
 Roodepoort
 1724",R 206.00,Snowva Ultimate Ice Tray *_Blue Assorted,1013250,R 375.00,Outray,123456,R 580.00,Makabrai,123456,R 420.00,Braai Grid - Medium,123456,R 540.00,Braai Grid - Medium,123456,R 820.00,Braai Grid - Large,123456,R 285.00,Braai Bak - 2.5l,123456,R 410.00,Braai Bak - 3.8l,123456,R 510.00,Braai Bak - 5.2l,123456,R 145.00,Borki,123456,,,,Default
Outdoor Warehouse,Tokai,Outdoor Warehouse - Tokai,339,"Holdsport Group Pty Ltd 
 t/a Outdoor Warehouse",P O Box 2721,"Cape Town, 8000",4270172119,Main Road Tokai,On Main Centre,Dreyersdal,,Cape Town,7945,"Main Road Tokai
 On Main Centre
 Dreyersdal
 Cape Town
 7945",R 206.00,Snowva Ultimate Ice Tray *_Blue Assorted,1013250,R 375.00,Outray,123456,R 580.00,Makabrai,123456,R 420.00,Braai Grid - Medium,123456,R 540.00,Braai Grid - Medium,123456,R 820.00,Braai Grid - Large,123456,R 285.00,Braai Bak - 2.5l,123456,R 410.00,Braai Bak - 3.8l,123456,R 510.00,Braai Bak - 5.2l,123456,R 145.00,Borki,123456,,,,Default
Outdoor Warehouse,Vanderbijl,Outdoor Warehouse - Vanderbijl,322,"Holdsport Group Pty Ltd 
 t/a Outdoor Warehouse",P O Box 2721,"Cape Town, 8000",4270172119,Shop 38,Bedworth Value Centre,Cnr Ascot On Vaal Rd & Cassandra Ave,Bedworth Park,Vanderbijlpark,,"Shop 38
 Bedworth Value Centre
 Cnr Ascot On Vaal Rd & Cassandra Ave
 Bedworth Park
 Vanderbijlpark",R 206.00,Snowva Ultimate Ice Tray *_Blue Assorted,1013250,R 375.00,Outray,123456,R 580.00,Makabrai,123456,R 420.00,Braai Grid - Medium,123456,R 540.00,Braai Grid - Medium,123456,R 820.00,Braai Grid - Large,123456,R 285.00,Braai Bak - 2.5l,123456,R 410.00,Braai Bak - 3.8l,123456,R 510.00,Braai Bak - 5.2l,123456,R 145.00,Borki,123456,,,,Default
Outdoor Warehouse,West Coast,Outdoor Warehouse - West Coast,329,"Holdsport Group Pty Ltd 
 t/a Outdoor Warehouse",P O Box 2721,"Cape Town, 8000",4270172119,,,104 Sunninghill Drive,Sunninghill Lifeestyle Ctr,Parklands,Cape Town,7441,R 206.00,Snowva Ultimate Ice Maker,1013250,R 375.00,Outray,123456,R 580.00,Makabrai,123456,R 540.00,Braai Grid - Medium,123456,R 820.00,Braai Grid - Large,123456,R 285.00,Braai Bak - 2.5l,123456,R 410.00,Braai Bak - 3.8l,123456,R 510.00,Braai Bak - 5.2l,123456,R 420.00,Braai Grid - Small,123456,R 145.00,Borki,123456,,,,Default
Outdoor Warehouse,Witbank,Outdoor Warehouse - Witbank,318,"Holdsport Group Pty Ltd 
 t/a Outdoor Warehouse",P O Box 2721,"Cape Town, 8000",4270172119,Centurion Gate,Highveld Mall Value Centre,Mandela Drive,,Witbank,1034,"Centurion Gate
 Highveld Mall Value Centre
 Mandela Drive
 Witbank
 1034",R 206.00,Snowva Ultimate Ice Tray *_Blue Assorted,1013250,R 375.00,Outray,123456,R 580.00,Makabrai,123456,R 420.00,Braai Grid - Medium,123456,R 540.00,Braai Grid - Medium,123456,R 820.00,Braai Grid - Large,123456,R 285.00,Braai Bak - 2.5l,123456,R 410.00,Braai Bak - 3.8l,123456,R 510.00,Braai Bak - 5.2l,123456,R 145.00,Borki,123456,,,,Default
Outdoor Warehouse,Woodmead,Outdoor Warehouse - Woodmead,316,"Holdsport Group Pty Ltd 
 t/a Outdoor Warehouse",P O Box 2721,"Cape Town, 8000",4270172119,Livingstone Lifestyle Centre,18 Waterval Crescent,Woodmead,,,2191,"Livingstone Lifestyle Centre
 18 Waterval Crescent
 Woodmead
 2191",R 206.00,Snowva Ultimate Ice Tray *_Blue Assorted,1013250,R 375.00,Outray,123456,R 580.00,Makabrai,123456,R 420.00,Braai Grid - Medium,123456,R 540.00,Braai Grid - Medium,123456,R 820.00,Braai Grid - Large,123456,R 285.00,Braai Bak - 2.5l,123456,R 410.00,Braai Bak - 3.8l,123456,R 510.00,Braai Bak - 5.2l,123456,R 145.00,Borki,123456,,,,Default
Outdoor Warehouse,Worcester,Outdoor Warehouse - Worcester,342,"Holdsport Group Pty Ltd 
 t/a Outdoor Warehouse",P O Box 2721,"Cape Town, 8000",4270172119,,,,,,,,R 206.00,Snowva Ultimate Ice Tray *_Blue Assorted,1013250,R 375.00,Outray,123456,R 580.00,Makabrai,123456,R 420.00,Braai Grid - Medium,123456,R 540.00,Braai Grid - Medium,123456,R 820.00,Braai Grid - Large,123456,R 285.00,Braai Bak - 2.5l,123456,R 410.00,Braai Bak - 3.8l,123456,R 510.00,Braai Bak - 5.2l,123456,R 145.00,Borki,123456,,,,Default
Outdoor Warehouse,Bloem,Outdoor Warehouse - Bloem,305,"Holdsport Group Pty Ltd 
 t/a Outdoor Warehouse",P O Box 2721,"Cape Town, 8000",4270172119,Shop B3,Game Value Centre,Cnr Currie & Vereeniging,Fleurdal,Bloemfontein,9301,"Shop B3
 Game Value Centre
 Cnr Currie & Vereeniging
 Fleurdal
 Bloemfontein
 9301",R 206.00,Snowva Ultimate Ice Tray *_Blue Assorted,1013250,R 375.00,Outray,123456,R 580.00,Makabrai,123456,R 420.00,Braai Grid - Medium,123456,R 540.00,Braai Grid - Medium,123456,R 820.00,Braai Grid - Large,123456,R 285.00,Braai Bak - 2.5l,123456,R 410.00,Braai Bak - 3.8l,123456,R 510.00,Braai Bak - 5.2l,123456,R 145.00,Borki,123456,,,,Default
Outdoor Warehouse,Cornubia,Outdoor Warehouse - Cornubia,330,"Holdsport Group Pty Ltd 
 t/a Outdoor Warehouse",P O Box 2721,"Cape Town, 8000",4270172119,,,Shop U106,Cornubia Mall,Cornubia Drive,"Cornubia, 4130","Shop U106
 Cornubia Mall
 Cornubia Drive
 Cornubia, 4130",R 206.00,Snowva Ultimate Ice Tray *_Blue Assorted,1013250,R 375.00,Outray,123456,R 580.00,Makabrai,123456,R 420.00,Braai Grid - Medium,123456,R 540.00,Braai Grid - Medium,123456,R 820.00,Braai Grid - Large,123456,R 285.00,Braai Bak - 2.5l,123456,R 410.00,Braai Bak - 3.8l,123456,R 510.00,Braai Bak - 5.2l,123456,R 145.00,Borki,123456,,,,Default
Outdoor Warehouse,Hillcrest,Outdoor Warehouse - Hillcrest,343,"Holdsport Group Pty Ltd 
 t/a Outdoor Warehouse",P O Box 2721,"Cape Town, 8000",4270172119,,,142 Indada Road,Link Hllls Lifestyle Centre,Waterfall,3642,"142 Indada Road
 Link Hllls Lifestyle Centre
 Waterfall
 3642",R 206.00,Snowva Ultimate Ice Tray *_Blue Assorted,1013250,R 375.00,Outray,123456,R 580.00,Makabrai,123456,R 420.00,Braai Grid - Medium,123456,R 540.00,Braai Grid - Medium,123456,R 820.00,Braai Grid - Large,123456,R 285.00,Braai Bak - 2.5l,123456,R 410.00,Braai Bak - 3.8l,123456,R 510.00,Braai Bak - 5.2l,123456,R 145.00,Borki,123456,,,,Default
Outdoor Warehouse,Middelburg,Outdoor Warehouse - Middelburg,341,"Holdsport Group Pty Ltd 
 t/a Outdoor Warehouse",P O Box 2721,"Cape Town, 8000",4270172119,,,Retail City,Shop 24,Dolerite Crescent,"Middelburg, 1050","Retail City
 Shop 24
 Dolerite Crescent
 Middelburg, 1050",R 206.00,Snowva Ultimate Ice Tray *_Blue Assorted,1013250,R 375.00,Outray,123456,R 580.00,Makabrai,123456,R 420.00,Braai Grid - Medium,123456,R 540.00,Braai Grid - Medium,123456,R 820.00,Braai Grid - Large,123456,R 285.00,Braai Bak - 2.5l,123456,R 410.00,Braai Bak - 3.8l,123456,R 510.00,Braai Bak - 5.2l,123456,R 145.00,Borki,123456,,,,Default
Outdoor Warehouse,Philippi Warehouse,Outdoor Warehouse - Philippi Warehouse,323,"Holdsport Group Pty Ltd 
 t/a Outdoor Warehouse",P O Box 2721,"Cape Town, 8000",4270172119,,,,,,,,R 206.00,Snowva Ultimate Ice Tray *_Blue Assorted,1013250,R 375.00,Outray,123456,R 580.00,Makabrai,123456,R 420.00,Braai Grid - Medium,123456,R 540.00,Braai Grid - Medium,123456,R 820.00,Braai Grid - Large,123456,R 285.00,Braai Bak - 2.5l,123456,R 410.00,Braai Bak - 3.8l,123456,R 510.00,Braai Bak - 5.2l,123456,R 145.00,Borki,123456,,,,Default
Outdoor Warehouse,Vredenburg,Outdoor Warehouse - Vredenburg,323,"Holdsport Group Pty Ltd 
 t/a Outdoor Warehouse",P O Box 2721,"Cape Town, 8000",4270172119,,,Erf 6638,Unit 5,Cnr Westridge & Saldanha,,"Vredenburg,7380",R 206.00,Snowva Ultimate Ice Tray *_Blue Assorted,1013250,R 375.00,Outray,123456,R 580.00,Makabrai,123456,R 420.00,Braai Grid - Medium,123456,R 540.00,Braai Grid - Medium,123456,R 820.00,Braai Grid - Large,123456,R 285.00,Braai Bak - 2.5l,123456,R 410.00,Braai Bak - 3.8l,123456,R 510.00,Braai Bak - 5.2l,123456,R 145.00,Borki,123456,,,,Default
Outdoor Warehouse,Woodlands,Outdoor Warehouse - Woodlands,326,"Holdsport Group Pty Ltd 
 t/a Outdoor Warehouse",P O Box 2721,"Cape Town, 8000",4270172119,,,,,,,,R 206.00,Snowva Ultimate Ice Tray *_Blue Assorted,1013250,R 375.00,Outray,123456,R 580.00,Makabrai,123456,R 420.00,Braai Grid - Medium,123456,R 540.00,Braai Grid - Medium,123456,R 820.00,Braai Grid - Large,123456,R 285.00,Braai Bak - 2.5l,123456,R 410.00,Braai Bak - 3.8l,123456,R 510.00,Braai Bak - 5.2l,123456,R 145.00,Borki,123456,,,,Default
Outdoor Warehouse,Zambezi Drive,Outdoor Warehouse - Zambezi Drive,306,"Holdsport Group Pty Ltd 
 t/a Outdoor Warehouse",P O Box 2721,"Cape Town, 8000",4270172119,,,,,,,,R 206.00,Snowva Ultimate Ice Tray *_Blue Assorted,1013250,R 375.00,Outray,123456,R 580.00,Makabrai,123456,R 420.00,Braai Grid - Medium,123456,R 540.00,Braai Grid - Medium,123456,R 820.00,Braai Grid - Large,123456,R 285.00,Braai Bak - 2.5l,123456,R 410.00,Braai Bak - 3.8l,123456,R 510.00,Braai Bak - 5.2l,123456,R 145.00,Borki,123456,,,,Default
Palmietfontein Gastehuis,,Palmietfontein Gastehuis,,Palmietfontein Gastehuis,Palmietfontein,9767,,,,,,,,,R 235.00,Snowva Ultimate Ice Maker,781159125409,,,,,,,,,,,,,,,,,,,,,,,,,,,,,,,Default
Pet Pool And Home,George,Pet Pool And Home - George,,Png Retail Pty Ltd T/A Pet Pool And Home,Pet Pool And Home,"70 13Th Road Kew
 Johannesburg",4630265090,,,,,,,,R 216.00,Snowva Ultimate Ice Maker,781159125409,R 375.00,Outray,123456,R 580.00,Makabrai,123456,R 420.00,Braai Grid - Medium,123456,R 540.00,Braai Grid - Medium,123456,R 820.00,Braai Grid - Large,123456,R 285.00,Braai Bak - 2.5l,123456,R 410.00,Braai Bak - 3.8l,123456,R 510.00,Braai Bak - 5.2l,123456,R 145.00,Borki,123456,,,,Default
Pet Pool And Home,Knysna,Pet Pool And Home - Knysna,,Png Retail Pty Ltd T/A Pet Pool And Home,Pet Pool And Home,"70 13Th Road Kew
 Johannesburg",,,,,,,,,R 216.00,Snowva Ultimate Ice Maker,781159125409,R 375.00,Outray,123456,R 580.00,Makabrai,123456,R 540.00,Braai Grid - Medium,123456,R 820.00,Braai Grid - Large,123456,R 285.00,Braai Bak - 2.5l,123456,R 410.00,Braai Bak - 3.8l,123456,R 510.00,Braai Bak - 5.2l,123456,R 420.00,Braai Grid - Small,123456,R 145.00,Borki,123456,,,,Default
Pet Pool And Home,Paarl,Pet Pool And Home - Paarl,,Png Retail Pty Ltd T/A Pet Pool And Home,Pet Pool And Home,"70 13Th Road Kew
 Johannesburg",4630265090,,,,,,,,R 216.00,Snowva Ultimate Ice Maker,781159125409,R 375.00,Outray,123456,R 580.00,Makabrai,123456,R 420.00,Braai Grid - Medium,123456,R 540.00,Braai Grid - Medium,123456,R 820.00,Braai Grid - Large,123456,R 285.00,Braai Bak - 2.5l,123456,R 410.00,Braai Bak - 3.8l,123456,R 510.00,Braai Bak - 5.2l,123456,R 145.00,Borki,123456,,,,Default
Pet Pool And Home,Plettenberg Bay,Pet Pool And Home - Plettenberg Bay,,Png Retail Pty Ltd T/A Pet Pool And Home,Pet Pool And Home,"70 13Th Road Kew
 Johannesburg",4630265090,,,,,,,,R 216.00,Snowva Ultimate Ice Maker,781159125409,R 375.00,Outray,123456,R 580.00,Makabrai,123456,R 420.00,Braai Grid - Medium,123456,R 540.00,Braai Grid - Medium,123456,R 820.00,Braai Grid - Large,123456,R 285.00,Braai Bak - 2.5l,123456,R 410.00,Braai Bak - 3.8l,123456,R 510.00,Braai Bak - 5.2l,123456,R 145.00,Borki,123456,,,,Default
Pet Pool And Home,Waterfall,Pet Pool And Home - Waterfall,,Png Retail Pty Ltd T/A Pet Pool And Home,Pet Pool And Home,"70 13Th Road Kew
 Johannesburg",4630265090,,,,,,,,R 216.00,Snowva Ultimate Ice Maker,781159125409,R 375.00,Outray,123456,R 580.00,Makabrai,123456,R 420.00,Braai Grid - Medium,123456,R 540.00,Braai Grid - Medium,123456,R 820.00,Braai Grid - Large,123456,R 285.00,Braai Bak - 2.5l,123456,R 410.00,Braai Bak - 3.8l,123456,R 510.00,Braai Bak - 5.2l,123456,R 145.00,Borki,123456,,,,Default
Pet Pool And Home,Malmesbury,Pet Pool And Home - Malmesbury,,Png Retail Pty Ltd T/A Pet Pool And Home,70 13th Road Kew,Johannesburg 2090,4630265090,,,,,,,,R 216.00,Snowva Ultimate Ice Maker,781159125409,,,,,,,,,,,,,,,,,,,,,,,,,,,,,,,Default
Pet Pool And Home,Port Elizabeth,Pet Pool And Home - Port Elizabeth,,Png Retail Pty Ltd T/A Pet Pool And Home,Pet Pool And Home,"70 13Th Road Kew
 Johannesburg",4630265090,,,,,,,,R 216.00,Snowva Ultimate Ice Maker,781159125409,R 375.00,Outray,123456,R 580.00,Makabrai,123456,R 420.00,Braai Grid - Medium,123456,R 540.00,Braai Grid - Medium,123456,R 820.00,Braai Grid - Large,123456,R 285.00,Braai Bak - 2.5l,123456,R 410.00,Braai Bak - 3.8l,123456,R 510.00,Braai Bak - 5.2l,123456,R 145.00,Borki,123456,,,,Default
Pet Pool And Home,Hermanus,Pet Pool And Home - Hermanus,,Png Retail Pty Ltd T/A Pet Pool And Home,Pet Pool And Home,"70 13Th Road Kew
 Johannesburg",4630265090,,,,,,,,R 216.00,Snowva Ultimate Ice Maker,781159125409,R 375.00,Outray,123456,R 580.00,Makabrai,123456,R 420.00,Braai Grid - Medium,123456,R 540.00,Braai Grid - Medium,123456,R 820.00,Braai Grid - Large,123456,R 285.00,Braai Bak - 2.5l,123456,R 410.00,Braai Bak - 3.8l,123456,R 510.00,Braai Bak - 5.2l,123456,R 145.00,Borki,123456,,,,Default
Pet Pool And Home,Mosselbay,Pet Pool And Home - Mosselbay,,Png Retail Pty Ltd T/A Pet Pool And Home,Pet Pool And Home,"70 13Th Road Kew
 Johannesburg",4630265090,,,,,,,,R 216.00,Snowva Ultimate Ice Maker,781159125409,R 375.00,Outray,123456,R 580.00,Makabrai,123456,R 420.00,Braai Grid - Medium,123456,R 540.00,Braai Grid - Medium,123456,R 820.00,Braai Grid - Large,123456,R 285.00,Braai Bak - 2.5l,123456,R 410.00,Braai Bak - 3.8l,123456,R 510.00,Braai Bak - 5.2l,123456,R 145.00,Borki,123456,,,,Default
Pet Pool And Home,Middelburg,Pet Pool And Home - Middelburg,,Png Retail Pty Ltd T/A Pet Pool And Home,Pet Pool And Home,"70 13Th Road Kew
 Johannesburg",4630265090,,,,,,,,R 216.00,Snowva Ultimate Ice Maker,781159125409,,,,,,,,,,,,,,,,,,,,,,,,,,,,,,,Default
Pet Pool And Home,Port Elizabeth,Pet Pool And Home - Port Elizabeth,,Png Retail Pty Ltd T/A Pet Pool And Home,Pet Pool And Home,"Unit A, Fairview Retail Park, Port Elizabeth",4630265090,,,,,,,,R 216.00,Snowva Ultimate Ice Maker,781159125409,R 375.00,Outray,123456,R 580.00,Makabrai,123456,R 420.00,Braai grid - Small,123456,R 540.00,Braai Grid - Medium,123456,R 820.00,Braai Grid - Large,123456,R 285.00,Braai Bak - 2.5l,123456,R 410.00,Braai Bak - 3.8l,123456,R 510.00,Braai Bak - 5.2l,123456,R 145.00,Borki,123456,,,,Default
Pet Pool and Home,Sedgefield,Pet Pool and Home - Sedgefield,,Png Retail Pty Ltd T/A Pet Pool And Home,Pet Pool and Home,Sedgefield,4630265090,,,,,,,,R 216.00,Snowva Ultimate Ice Maker,781159125409,,,,R 580.00,Makabrai,123456,,,,,,,,,,,,,,,,,,,,,,,,,
Pretoria Caravans & Outdoor,,Pretoria Caravans & Outdoor,,Pretoria Caravans & Outdoor,Cnr Johan Heyns Dr & Jacobs Street,"Gezina, Pretoria",4070136777,,,,,,,,R 216.00,Snowva Ultimate Ice Maker,781159125409,R 375.00,Outray,123456,R 580.00,Makabrai,123456,R 420.00,Braai Grid - Medium,123456,R 540.00,Braai Grid - Medium,123456,R 820.00,Braai Grid - Large,123456,R 285.00,Braai Bak - 2.5l,123456,R 410.00,Braai Bak - 3.8l,123456,R 510.00,Braai Bak - 5.2l,123456,R 145.00,Borki,123456,,,,Default
Pro Plants Kimberley,,Pro Plants Kimberley,,Pro Plants Kimberley,N12 Memorial Road,"Kimberley, 8301",4750212484,,,,,,,,,,,,,,R 600.00,Makabrai,MAK001,,,,,,,,,,,,,,,,,,,,,,,,,Default
Prosport Standerton,,Prosport Standerton,,Prosport Standerton,22 Beyers Naude Road,Standerston,4170184529,,,,,,,,R 216.00,Snowva Ultimate Ice Maker,781159125409,,,,,,,,,,,,,,,,,,,,,,,,,,,,,,,Default
Quenets Hunting & Fishing,,Quenets Hunting & Fishing,,Quenets Hunting & Fishing,"72 High Street, Worcester",6850,4600102349,,,,,,,,R 235.00,Snowva Ultimate Ice Maker,781159125409,R 375.00,Outray,123456,R 580.00,Makabrai,123456,R 420.00,Braai Grid - Medium,123456,R 540.00,Braai Grid - Medium,123456,R 820.00,Braai Grid - Large,123456,R 285.00,Braai Bak - 2.5l,123456,R 410.00,Braai Bak - 3.8l,123456,R 510.00,Braai Bak - 5.2l,123456,R 145.00,Borki,123456,,,,Default
Rcma Group t/a Hawies Springs,,Rcma Group t/a Hawies Springs,,Rcma Group t/a Hawies Springs,38 Krause Street,"Bloemfontein
 '9301",,,,,,,,,R 235.00,Snowva Ultimate Ice Maker,781159125409,R 375.00,Outray,123456,R 580.00,Makabrai,123456,R 420.00,Braai Grid - Medium,123456,R 540.00,Braai Grid - Medium,123456,R 820.00,Braai Grid - Large,123456,R 285.00,Braai Bak - 2.5l,123456,R 410.00,Braai Bak - 3.8l,123456,R 510.00,Braai Bak - 5.2l,123456,R 145.00,Borki,123456,,,,Default
Red Alert Service Solutions,,Red Alert Service Solutions,,Red Alert Service Solutions,Unit B Gateway Industrial Park,"17 Adriana Crs, Rooihuiskraal",,,,,,,,,R 216.00,Snowva Ultimate Ice Maker,781159125409,,,,,,,,,,,,,,,,,,,,,,,,,,,,,,,Default
Ristorante La Trinita,,Ristorante La Trinita,,Ristorante La Trinita,Shop G1A,The Local @ Kyalami,4550169207,,,,,,,,R 230.00,Snowva Ultimate Ice Maker,70198883,,,,,,,,,,,,,,,,,,,,,,,,,,,,,,,Default
Riversdale Trading T/A Bali Trading,,Riversdale Trading T/A Bali Trading,,Riversdale Trading T/A Bali Trading,"N2 National Road, Riversdale",6670,4900198195,,,,,,,,R 235.00,Snowva Ultimate Ice Maker,781159125409,R 375.00,Outray,123456,R 580.00,Makabrai,123456,R 420.00,Braai Grid - Medium,123456,R 540.00,Braai Grid - Medium,123456,R 820.00,Braai Grid - Large,123456,R 285.00,Braai Bak - 2.5l,123456,R 410.00,Braai Bak - 3.8l,123456,R 510.00,Braai Bak - 5.2l,123456,R 145.00,Borki,123456,,,,Default
Roast Logistics SA Pty Ltd,,Roast Logistics SA Pty Ltd,,Roast Logistics Sa Pty Ltd,15 Fontein street,"Riebeeck Kasteel, 7307",4780270635,,,,,,,,,,,,,,R 600.00,Makabrai,MAK001,,,,,,,,,,,,,,,,,,,,,,,,,Default
Safari Centre,,Safari Centre,,Jokel Investment Holdings,"Shop 9, N1 Motor City",Goodwood,4890183934,,,,,,,,R 216.00,Snowva Ultimate Ice Maker,781159125409,R 375.00,Outray,123456,R 580.00,Makabrai,123456,R 420.00,Braai Grid - Medium,123456,R 540.00,Braai Grid - Medium,123456,R 820.00,Braai Grid - Large,123456,R 285.00,Braai Bak - 2.5l,123456,R 410.00,Braai Bak - 3.8l,123456,R 510.00,Braai Bak - 5.2l,123456,R 145.00,Borki,123456,,,,Default
Safari Centre Upington,,Safari Centre Upington,,Safari Centre Upington,Nelson Mandela Drive 15,"Upington
 8800",4380201709,,,,,,,,R 235.00,Snowva Ultimate Ice Maker,781159125409,R 375.00,Outray,123456,R 580.00,Makabrai,123456,R 420.00,Braai Grid - Medium,123456,R 540.00,Braai Grid - Medium,123456,R 820.00,Braai Grid - Large,123456,R 285.00,Braai Bak - 2.5l,123456,R 410.00,Braai Bak - 3.8l,123456,R 510.00,Braai Bak - 5.2l,123456,R 145.00,Borki,123456,,,,Default
Safari Centre Upington,Nelson Mandela Drive 15,Safari Centre Upington - Nelson Mandela Drive 15,,Safari Centre Upington,Upington,8800,4380201709,,,,,,,,R 235.00,Snowva Ultimate Ice Maker,781159125409,R 375.00,Outray,123456,R 580.00,Makabrai,123456,R 420.00,Braai Grid - Medium,123456,R 540.00,Braai Grid - Medium,123456,R 820.00,Braai Grid - Large,123456,R 285.00,Braai Bak - 2.5l,123456,R 410.00,Braai Bak - 3.8l,123456,R 510.00,Braai Bak - 5.2l,123456,R 145.00,Borki,123456,,,,Default
Santonio CC t/a Musina Foodzone,,Santonio CC t/a Musina Foodzone,,Santonion CC t/a Musina Foodzone,3 Irwin Street,Musina,4570137226,,,,,,,,R 235.00,Snowva Ultimate Ice Maker,781159125409,,,,,,,,,,,,,,,,,,,,,,,,,,,,,,,Default
Sentraal Suid Kooperasie Bpk,Swellendem,Sentraal Suid Kooperasie Bpk - Swellendem,,Sentraal Suid Kooperasie Bpk,Posbus 12,"Swellendam, 6740",4540101955,,,,,,,,R 315.00,Snowva Ultimate Ice Maker,781159125409,R 375.00,Outray,123456,R 580.00,Makabrai,123456,R 420.00,Braai Grid - Medium,123456,R 540.00,Braai Grid - Medium,123456,R 820.00,Braai Grid - Large,123456,R 285.00,Braai Bak - 2.5l,123456,R 410.00,Braai Bak - 3.8l,123456,R 510.00,Braai Bak - 5.2l,123456,R 145.00,Borki,123456,,,,Default
Sentraal Suid Kooperasie Bpk,Mosselbaai,Sentraal Suid Kooperasie Bpk - Mosselbaai,,Sentraal Suid Kooperasie Bpk,Posbus 12,"Swellendam, 6740",4540101955,,,,,,,,R 235.00,Snowva Ultimate Ice Maker,781159125409,R 375.00,Outray,123456,R 580.00,Makabrai,123456,R 420.00,Braai Grid - Medium,123456,R 540.00,Braai Grid - Medium,123456,R 820.00,Braai Grid - Large,123456,R 285.00,Braai Bak - 2.5l,123456,R 410.00,Braai Bak - 3.8l,123456,R 510.00,Braai Bak - 5.2l,123456,R 145.00,Borki,123456,,,,Default
Sentraal Suid Kooperasie Bpk,George,Sentraal Suid Kooperasie Bpk - George,,Sentraal Suid Kooperasie Bpk,Posbus 12,"Swellendam, 6740",4540101955,,,,,,,,R 235.00,Snowva Ultimate Ice Maker,781159125409,,,,,,,,,,,,,,,,,,,,,,,,,,,,,,,Default
Silverleaf Accounting,,Silverleaf Accounting,,Silverleaf Accounting,18 Haweswater Str,Clearwater Flyfishing Estate,n/a,,,,,,,,,Snowva Ultimate Ice Maker,781159125409,,,,,,,,,,,,,,,,,,,,,,,,,R 65.00,Borki,BK01,,,,Default
Sleeping Beauty Traders,,Sleeping Beauty Traders,,Sleeping Beauty Traders,N2 Nasionale Pad,"Riversdal
 6670",4190241002,,,,,,,,R 315.00,Snowva Ultimate Ice Maker,781159125409,R 375.00,Outray,123456,R 580.00,Makabrai,123456,R 420.00,Braai Grid - Medium,123456,R 540.00,Braai Grid - Medium,123456,R 820.00,Braai Grid - Large,123456,R 285.00,Braai Bak - 2.5l,123456,R 410.00,Braai Bak - 3.8l,123456,R 510.00,Braai Bak - 5.2l,123456,R 145.00,Borki,123456,,,,Default
Soles For Africa Cc,Boet & Betty,Soles For Africa Cc - Boet & Betty,,Soles For Africa Cc,Shop 1 Rotunda,"1 Cedara Road, Hilton",,,,,,,,,R 216.00,Snowva Ultimate Ice Maker,781159125409,R 375.00,Outray,123456,R 580.00,Makabrai,123456,R 420.00,Braai Grid - Medium,123456,R 540.00,Braai Grid - Medium,123456,R 820.00,Braai Grid - Large,123456,R 285.00,Braai Bak - 2.5l,123456,R 410.00,Braai Bak - 3.8l,123456,R 510.00,Braai Bak - 5.2l,123456,R 65.00,Borki,123456,,,,Default
Spiceologist,,Spiceologist,,Spiceologist Pty Ltd,"The Village Deli, R102","Haart & Bosch Village, Hartenbos",4070296514,,,,,,,,R 235.00,Snowva Ultimate Ice Tray *_Blue Assorted,1013250,,,,,,,,,,,,,,,,,,,,,,,,,,,,,,,Default
Sportsmans Warehouse,Nelspruit,Sportsmans Warehouse - Nelspruit,719,Holdsport Group Pty Ltd t/a Sportsmans Warehouse,PO Box 2721,"Cape Town, 8000",4080304928,Shop 6,Nelspruit Crossing Centre,Cnr N4 & Madiba Drive,,Nelspruit,1201,"Shop 6
 Nelspruit Crossing Centre
 Cnr N4 & Madiba Drive
 Nelspruit
 1201",R 216.00,Snowva Ultimate Ice Maker,1013250,,,,,,,,,,,,,,,,,,,,,,,,,,,,,,,Default
Sportsmans Warehouse,Northridge,Sportsmans Warehouse - Northridge,738,Holdsport Group Pty Ltd t/a Sportsmans Warehouse,PO Box 2721,"Cape Town, 8000",4080304928,Shop 1,Kenneth Kaunda Road,Northridge Mall,Helicon Heights,Bloemfontein,9301,"Shop 1
 Kenneth Kaunda Road
 Northridge Mall
 Helicon Heights
 Bloemfontein
 9301",R 216.00,Snowva Ultimate Ice Maker,1013250,,,,,,,,,,,,,,,,,,,,,,,,,,,,,,,Default
Sportsmans Warehouse,Polokwane,Sportsmans Warehouse - Polokwane,713,Holdsport Group Pty Ltd t/a Sportsmans Warehouse,PO Box 2721,"Cape Town, 8000",4080304928,Shop 61,Thornhill Shopping centre,Cnr Veldspaat & Munnik Ave,Polokwane,Polokwane,699,"Shop 61
 Thornhill Shopping centre
 Cnr Veldspaat & Munnik Ave
 Polokwane
 Polokwane
 0699",R 216.00,Snowva Ultimate Ice Maker,1013250,,,,,,,,,,,,,,,,,,,,,,,,,,,,,,,Default
Sportsmans Warehouse,Port Elizabeth,Sportsmans Warehouse - Port Elizabeth,710,Holdsport Group Pty Ltd t/a Sportsmans Warehouse,PO Box 2721,"Cape Town, 8000",4080304928,Shop 4,Moffett Retail Park,William Moffett Express Way,Fernglen,Port Elizabeth,6001,"Shop 4 
 Moffett Retail Park
 William Moffett Express Way
 Fernglen
 Port Elizabeth
 6001",R 216.00,Snowva Ultimate Ice Maker,1013250,,,,,,,,,,,,,,,,,,,,,,,,,,,,,,,Default
Sportsmans Warehouse,Tokai,Sportsmans Warehouse - Tokai,708,Holdsport Group Pty Ltd t/a Sportsmans Warehouse,PO Box 2721,"Cape Town, 8000",4080304928,Shop 3,Tokai on Main,Main Road,Tokai,Tokai,7945,"Shop 3
 Tokai on Main
 Main Road
 Tokai
 Tokai
 7945",R 216.00,Snowva Ultimate Ice Maker,1013250,,,,,,,,,,,,,,,,,,,,,,,,,,,,,,,Default
Sportsmans Warehouse,Tygervalley,Sportsmans Warehouse - Tygervalley,702,Holdsport Group Pty Ltd t/a Sportsmans Warehouse,PO Box 2721,"Cape Town, 8000",4080304928,Cnr Rietfontein &Madeley Rd,Tygervalley,Bellville,,,7530,"Cnr Rietfontein &Madeley Rd
 Tygervalley
 Bellville
 7530",R 216.00,Snowva Ultimate Ice Maker,1013250,,,,,,,,,,,,,,,,,,,,,,,,,,,,,,,Default
Sportsmans Warehouse,Waterfront,Sportsmans Warehouse - Waterfront,750,Holdsport Group Pty Ltd t/a Sportsmans Warehouse,PO Box 2721,"Cape Town, 8000",4080304928,Victoria & Alfred Waterfront,Breakwater Blvd,Cape Town,,Cape Town,8002,"Victoria & Alfred Waterfront
 Breakwater Blvd
 Cape Town
 Cape Town
 8002",R 216.00,Snowva Ultimate Ice Maker,1013250,,,,,,,,,,,,,,,,,,,,,,,,,,,,,,,Default
Sportsmans Warehouse,Ballito,Sportsmans Warehouse - Ballito,744,Holdsport Group Pty Ltd t/a Sportsmans Warehouse,PO Box 2721,"Cape Town, 8000",4080304928,Shop 80R,Ballito Lifestyle Centre,Ballito Drive,Dolphin Coast,Ballito,4399,"Shop 80R
 Ballito Lifestyle Centre
 Ballito Drive
 Dolphin Coast
 Ballito
 4399",R 216.00,Snowva Ultimate Ice Maker,1013250,,,,,,,,,,,,,,,,,,,,,,,,,,,,,,,Default
Sportsmans Warehouse,Centurion,Sportsmans Warehouse - Centurion,706,Holdsport Group Pty Ltd t/a Sportsmans Warehouse,PO Box 2721,"Cape Town, 8000",4080304928,Shop 2,Bylsbridge Promenade,Bloukrans street,Highveld Ext 13,Centurion,157,"Shop 2 
 Bylsbridge Promenade
 Bloukrans street
 Highveld Ext 13
 Centurion
 0157",R 216.00,Snowva Ultimate Ice Maker,1013250,,,,,,,,,,,,,,,,,,,,,,,,,,,,,,,Default
Sportsmans Warehouse,Cresta,Sportsmans Warehouse - Cresta,703,Holdsport Group Pty Ltd t/a Sportsmans Warehouse,PO Box 2721,"Cape Town, 8000",4080304928,Shop 20,Blackheath Pavilion,Cnr Beyers Naude & Pendoring,Blackheath,Johannesburg,2195,"Shop 20
 Blackheath Pavilion
 Cnr Beyers Naude & Pendoring
 Blackheath
 Johannesburg
 2195",R 216.00,Snowva Ultimate Ice Maker,1013250,,,,,,,,,,,,,,,,,,,,,,,,,,,,,,,Default
Sportsmans Warehouse,Eastrand,Sportsmans Warehouse - Eastrand,703,Holdsport Group Pty Ltd t/a Sportsmans Warehouse,PO Box 2721,"Cape Town, 8000",4080304928,Shop 5/6,East Rand Value Mall,Cnr Rietfontein & Madeley,,Boksburg,1459,"Shop 5/6
 East Rand Value Mall
 Cnr Rietfontein & Madeley
 Boksburg
 1459",R 216.00,Snowva Ultimate Ice Maker,1013250,,,,,,,,,,,,,,,,,,,,,,,,,,,,,,,Default
Sportsmans Warehouse,Fourways,Sportsmans Warehouse - Fourways,709,Holdsport Group Pty Ltd t/a Sportsmans Warehouse,PO Box 2721,"Cape Town, 8000",4080304928,Shop G23,Fourways Crossing Retail Centre,Cnr William Nicol & Sunrise Boulevard,,Fourways,2191,"Shop G23
 Fourways Crossing Retail Centre
 Cnr William Nicol & Sunrise Boulevard
 Fourways
 2191",R 216.00,Snowva Ultimate Ice Maker,1013250,,,,,,,,,,,,,,,,,,,,,,,,,,,,,,,Default
Sportsmans Warehouse,Hermanus,Sportsmans Warehouse - Hermanus,754,Holdsport Group Pty Ltd t/a Sportsmans Warehouse,PO Box 2721,"Cape Town, 8000",4080304928,Shop 9,Whale Coast mall,Main Rd R43,Sandbaai,Hermanus,7200,"Shop 9
 Whale Coast mall
 Main Rd R43
 Sandbaai
 Hermanus
 7200",R 216.00,Snowva Ultimate Ice Maker,1013250,,,,,,,,,,,,,,,,,,,,,,,,,,,,,,,Default
Sportsmans Warehouse,Kimberley,Sportsmans Warehouse - Kimberley,737,Holdsport Group Pty Ltd t/a Sportsmans Warehouse,PO Box 2721,"Cape Town, 8000",4080304928,Shop 5,North Cape Shopping Mall,Cnr Constantia & Memorial,Royldene,Kimberley,8301,"Shop 5 
 North Cape Shopping Mall
 Cnr Constantia & Memorial
 Royldene
 Kimberley
 8301",R 216.00,Snowva Ultimate Ice Maker,1013250,,,,,,,,,,,,,,,,,,,,,,,,,,,,,,,Default
Sportsmans Warehouse,Klerksdorp,Sportsmans Warehouse - Klerksdorp,729,Holdsport Group Pty Ltd t/a Sportsmans Warehouse,PO Box 2721,"Cape Town, 8000",4080304928,Shop 5,Matlosana Mall,N12,,Klerksdorp,2571,"Shop 5 
 Matlosana Mall
 N12
 Klerksdorp
 2571",R 216.00,Snowva Ultimate Ice Maker,1013250,,,,,,,,,,,,,,,,,,,,,,,,,,,,,,,Default
Sportsmans Warehouse,Seapoint,Sportsmans Warehouse - Seapoint,739,Holdsport Group Pty Ltd t/a Sportsmans Warehouse,PO Box 2721,"Cape Town, 8000",4080304928,Shop 9,The Point Mall,Regent Road,,Sea Point,8005,"Shop 9
 The Point Mall
 Regent Road
 Sea Point
 8005",R 216.00,Snowva Ultimate Ice Maker,1013250,,,,,,,,,,,,,,,,,,,,,,,,,,,,,,,Default
Sportsmans Warehouse,Somerset West,Sportsmans Warehouse - Somerset West,720,Holdsport Group Pty Ltd t/a Sportsmans Warehouse,PO Box 2721,"Cape Town, 8000",4080304928,Shop 6,Nelspruit Crossing Centre,Cnr N4 & Madiba Drive,,Nelspruit,1201,"Shop 6
 Nelspruit Crossing Centre
 Cnr N4 & Madiba Drive
 Nelspruit
 1201",R 216.00,Snowva Ultimate Ice Maker,1013250,,,,,,,,,,,,,,,,,,,,,,,,,,,,,,,Default
Sportsmans Warehouse,West Coast Village,Sportsmans Warehouse - West Coast Village,725,Holdsport Group Pty Ltd t/a Sportsmans Warehouse,PO Box 2721,"Cape Town, 8000",4080304928,Shop 9,West Coast Village Shopping Centre,Cnr Sandown & R27,Sunninghill,Milnerton,7441,"Shop 9
 West Coast Village Shopping Centre
 Cnr Sandown & R27
 Sunninghill
 Milnerton
 7441",R 216.00,Snowva Ultimate Ice Maker,1013250,,,,,,,,,,,,,,,,,,,,,,,,,,,,,,,Default
Sportsmans Warehouse,Woodmead,Sportsmans Warehouse - Woodmead,715,Holdsport Group Pty Ltd t/a Sportsmans Warehouse,PO Box 2721,"Cape Town, 8000",4080304928,Shop 6,Woodmead Super Value Centre,Waterval Crescent South,,Woodmead,2191,"Shop 6
 Woodmead Super Value Centre
 Waterval Crescent South
 Woodmead
 2191",R 216.00,Snowva Ultimate Ice Maker,1013250,,,,,,,,,,,,,,,,,,,,,,,,,,,,,,,Default
Sportsmans Warehouse,Worcester,Sportsmans Warehouse - Worcester,753,Holdsport Group Pty Ltd t/a Sportsmans Warehouse,PO Box 2721,"Cape Town, 8000",4080304928,Shop 3,18 Mountain Mill Drive,Worcester,,Worcester,8650,"Shop 3
 18 Mountain Mill Drive
 Worcester
 Worcester
 8650",R 216.00,Snowva Ultimate Ice Maker,1013250,,,,,,,,,,,,,,,,,,,,,,,,,,,,,,,Default
Sportsmans Warehouse,Zambezi,Sportsmans Warehouse - Zambezi,714,Holdsport Group Pty Ltd t/a Sportsmans Warehouse,PO Box 2721,"Cape Town, 8000",4080304928,Cnr Sefako Makgatho Drive,& Enkeldoorn Avenue,Shop 42,Kollonade Retail Park,Montana,151,"Cnr Sefako Makgatho Drive
 & Enkeldoorn Avenue
 Shop 42
 Kollonade Retail Park
 Montana
 0151",R 216.00,Snowva Ultimate Ice Maker,1013250,,,,,,,,,,,,,,,,,,,,,,,,,,,,,,,Default
Sportsmans Warehouse,George,Sportsmans Warehouse - George,740,Holdsport Group Pty Ltd t/a Sportsmans Warehouse,PO Box 2721,"Cape Town, 8000",4080304928,Shop 2,Eden Meander Lifestyle Centre,Cnr Knysna & N2 Roads,,George,6530,"Shop 2
 Eden Meander Lifestyle Centre
 Cnr Knysna & N2 Roads
 George
 6530",R 216.00,Snowva Ultimate Ice Maker,1013250,,,,,,,,,,,,,,,,,,,,,,,,,,,,,,,Default
Sportsmans Warehouse,Atterbury,Sportsmans Warehouse - Atterbury,718,Holdsport Group Pty Ltd t/a Sportsmans Warehouse,PO Box 2721,"Cape Town, 8000",4080304928,2001 Atterbury Road,Atterbury Value Mart,Faerie Glen,Pretoria,,,"2001 Atterbury Road
 Atterbury Value Mart
 Faerie Glen
 Pretoria",R 216.00,Snowva Ultimate Ice Maker,1013250,,,,,,,,,,,,,,,,,,,,,,,,,,,,,,,Default
Sportsmans Warehouse,East London,Sportsmans Warehouse - East London,716,Holdsport Group Pty Ltd t/a Sportsmans Warehouse,PO Box 2721,"Cape Town, 8000",4080304928,Shop 40,Beacon Bay Retail Park,Bonza Bay Road,Beaconhurst,East London,5200,"Shop 40
 Beacon Bay Retail Park
 Bonza Bay Road
 Beaconhurst
 East London
 5200",R 216.00,Snowva Ultimate Ice Maker,1013250,,,,,,,,,,,,,,,,,,,,,,,,,,,,,,,Default
Sportsmans Warehouse,Hillcrest,Sportsmans Warehouse - Hillcrest,734,Holdsport Group Pty Ltd t/a Sportsmans Warehouse,PO Box 2721,"Cape Town, 8000",4080304928,Shop UG37,Watercrest Mall,141 Inanda Road,Waterfall,Waterfall,3652,"Shop UG37
 Watercrest Mall
 141 Inanda Road
 Waterfall
 Waterfall
 3652",R 216.00,Snowva Ultimate Ice Maker,1013250,,,,,,,,,,,,,,,,,,,,,,,,,,,,,,,Default
Sportsmans Warehouse,Mall of Africa,Sportsmans Warehouse - Mall of Africa,742,Holdsport Group Pty Ltd t/a Sportsmans Warehouse,PO Box 2721,"Cape Town, 8000",4080304928,Shop 1007,"Level 3, Mall of Africa",Magwa Crescent,Waterfall City,Midrand,2066,"Shop 1007
 Level 3, Mall of Africa
 Magwa Crescent
 Waterfall City
 Midrand
 2066",R 216.00,Snowva Ultimate Ice Maker,1013250,,,,,,,,,,,,,,,,,,,,,,,,,,,,,,,Default
Sportsmans Warehouse,Menlyn,Sportsmans Warehouse - Menlyn,743,Holdsport Group Pty Ltd t/a Sportsmans Warehouse,PO Box 2721,"Cape Town, 8000",4080304928,Shop G214,Menlyn Park Shopping Centre,Cnr Lois & Atterbury Ave,Garsfontein,Pretoria,63,"Shop G214
 Menlyn Park Shopping Centre
 Cnr Lois & Atterbury Ave
 Garsfontein
 Pretoria
 0063",R 216.00,Snowva Ultimate Ice Maker,1013250,,,,,,,,,,,,,,,,,,,,,,,,,,,,,,,Default
Sportsmans Warehouse,Paarl,Sportsmans Warehouse - Paarl,751,Holdsport Group Pty Ltd t/a Sportsmans Warehouse,PO Box 2721,"Cape Town, 8000",4080304928,11919 Cecelia Street,La Concorde Court,Southern Paarl,Paarl,7624,,"11919 Cecelia Street
 La Concorde Court
 Southern Paarl
 Paarl
 7624",R 216.00,Snowva Ultimate Ice Maker,1013250,,,,,,,,,,,,,,,,,,,,,,,,,,,,,,,Default
Sportsmans Warehouse,Potchefstroom,Sportsmans Warehouse - Potchefstroom,752,Holdsport Group Pty Ltd t/a Sportsmans Warehouse,PO Box 2721,"Cape Town, 8000",4080304928,Shop 1,Vyfhoek Retail Centre,Vyfhoek,Potchefstroom,2520,,"Shop 1
 Vyfhoek Retail Centre
 Vyfhoek
 Potchefstroom
 2520",R 216.00,Snowva Ultimate Ice Maker,1013250,,,,,,,,,,,,,,,,,,,,,,,,,,,,,,,Default
Sportsmans Warehouse,Sandton,Sportsmans Warehouse - Sandton,747,Holdsport Group Pty Ltd t/a Sportsmans Warehouse,PO Box 2721,"Cape Town, 8000",4080304928,Shop U309,Upper level,Sandton Mall,79 Rivonia Road,Sandton,2196,"Shop U309
 Upper level
 Sandton Mall
 79 Rivonia Road
 Sandton
 2196",R 216.00,Snowva Ultimate Ice Maker,1013250,,,,,,,,,,,,,,,,,,,,,,,,,,,,,,,Default
Sportsmans Warehouse,Stellenbosch,Sportsmans Warehouse - Stellenbosch,746,Holdsport Group Pty Ltd t/a Sportsmans Warehouse,PO Box 2721,"Cape Town, 8000",4080304928,Shop 201,Eikestad Mall,43 Andringa Street,Stellenbosch,7600,,"Shop 201
 Eikestad Mall
 43 Andringa Street
 Stellenbosch
 7600",R 216.00,Snowva Ultimate Ice Maker,1013250,,,,,,,,,,,,,,,,,,,,,,,,,,,,,,,Default
Sportsmans Warehouse,Web WHS,Sportsmans Warehouse - Web WHS,810,Holdsport Group Pty Ltd t/a Sportsmans Warehouse,PO Box 2721,"Cape Town, 8000",4080304928,Door P,17 Malhillon Road,Sheffield Business Park,Philippi,Cape Town,7785,"Door P
 17 Malhillon Road
 Sheffield Business Park
 Philippi
 Cape Town
 7785",R 216.00,Snowva Ultimate Ice Maker,1013250,,,,,,,,,,,,,,,,,,,,,,,,,,,,,,,Default
Sportsmans Warehouse,Cavendish,Sportsmans Warehouse - Cavendish,755,Holdsport Group Pty Ltd t/a Sportsmans Warehouse,PO Box 2721,"Cape Town, 8000",4080304928,Cavendish Square,Shop F46,1 Dreyer street,Claremont,7708,,"Cavendish Square
 Shop F46
 1 Dreyer street
 Claremont
 7708",R 216.00,Snowva Ultimate Ice Maker,1013250,,,,,,,,,,,,,,,,,,,,,,,,,,,,,,,Default
Sportsmans Warehouse,Rosebank,Sportsmans Warehouse - Rosebank,745,Holdsport Group Pty Ltd t/a Sportsmans Warehouse,PO Box 2721,"Cape Town, 8000",4080304928,Shop 305,Rosebank Mall,50 Bath Avenue,Rosebank,2196,,"Shop 305
 Rosebank Mall
 50 Bath Avenue
 Rosebank
 2196",R 216.00,Snowva Ultimate Ice Maker,1013250,,,,,,,,,,,,,,,,,,,,,,,,,,,,,,,Default
Sportsmans Warehouse,Rustenburg,Sportsmans Warehouse - Rustenburg,732,Holdsport Group Pty Ltd t/a Sportsmans Warehouse,PO Box 2721,"Cape Town, 8000",4080304928,Shop 40,Platinum Square Shopping Cntre,74 Gareth Roberts Ave,Rustenburg,299,,"Shop 40
 Platinum Square Shopping Cntre
 74 Gareth Roberts Ave
 Rustenburg
 0299",R 216.00,Snowva Ultimate Ice Maker,1013250,,,,,,,,,,,,,,,,,,,,,,,,,,,,,,,Default
Sportsmans Warehouse,Vanderbijl Park,Sportsmans Warehouse - Vanderbijl Park,730,Holdsport Group Pty Ltd t/a Sportsmans Warehouse,PO Box 2721,"Cape Town, 8000",4080304928,Shop 12,The Palms,Louis Trichardt Blvd,SE1,Vanderbijlpark,1911,"Shop 12
 The Palms
 Louis Trichardt Blvd
 SE1
 Vanderbijlpark
 1911",R 216.00,Snowva Ultimate Ice Maker,1013250,,,,,,,,,,,,,,,,,,,,,,,,,,,,,,,Default
Steyn'S Boumateriale,,Steyn'S Boumateriale,,Steyn'S Boumateriale,Hoofweg 175,Stilbaai,4230106454,,,,,,,,R 235.00,Snowva Ultimate Ice Maker,781159125409,R 375.00,Outray,123456,R 580.00,Makabrai,123456,R 420.00,Braai Grid - Medium,123456,R 540.00,Braai Grid - Medium,123456,R 820.00,Braai Grid - Large,123456,R 285.00,Braai Bak - 2.5l,123456,R 410.00,Braai Bak - 3.8l,123456,R 510.00,Braai Bak - 5.2l,123456,R 145.00,Borki,123456,,,,Default
T D Coetzee - Middelwatertrust,,T D Coetzee - Middelwatertrust,,Middelwater Trust,Posbus 20,"Hoopstad, 9479",4470307101,,,,,,,,R 235.00,Snowva Ultimate Ice Maker,781159125409,,,,,,,,,,,,,,,,,,,,,,,,,,,,,,,Default
Tafelberg Furniture Stores (Pty) Ltd,,Tafelberg Furniture Stores (Pty) Ltd,,Tafelberg Furniture Stores (Pty) Ltd,Po Box 155,"Bellville
 7535",4700101837,,,,,,,,R 235.00,Snowva Ultimate Ice Maker,781159125409,R 375.00,Outray,123456,R 580.00,Makabrai,123456,R 420.00,Braai Grid - Medium,123456,R 540.00,Braai Grid - Medium,123456,R 820.00,Braai Grid - Large,123456,R 285.00,Braai Bak - 2.5l,123456,R 410.00,Braai Bak - 3.8l,123456,R 510.00,Braai Bak - 5.2l,123456,R 145.00,Borki,123456,,,,Default
Taylor Made Water,,Taylor Made Water,,Taylor Made Water,34 Queen Street,"Cambridge Square, East London",-,,,,,,,,R 216.00,Snowva Ultimate Ice Maker,781159125409,R 375.00,Outray,123456,R 580.00,Makabrai,123456,R 420.00,Braai Grid - Medium,123456,R 540.00,Braai Grid - Medium,123456,R 820.00,Braai Grid - Large,123456,R 285.00,Braai Bak - 2.5l,123456,R 410.00,Braai Bak - 3.8l,123456,R 510.00,Braai Bak - 5.2l,123456,R 145.00,Borki,123456,,,,Default
TD Coetzee Middelwater Trust,,TD Coetzee Middelwater Trust,,T D Coetzee Middelwater Trust,Posbus 20,"Hoopstad, 9479",4470307101,,,,,,,,R 216.00,Snowva Ultimate Ice Maker,781159125409,,,,,,,,,,,,,,,,,,,,,,,,,,,,,,,Default
Tentco,21 Bisset Road,Tentco - 21 Bisset Road,,Tentco - 21 Bisset Road,"21 Bisset Road
 Kelly Road","Jetpark, Boksburg",,,,,,,,,R 216.00,Snowva Ultimate Ice Maker,781159125409,R 325.00,Outray,123456,R 580.00,Makabrai,123456,R 420.00,Braai Grid - Medium,123456,R 540.00,Braai Grid - Medium,123456,R 820.00,Braai Grid - Large,123456,R 285.00,Braai Bak - 2.5l,123456,R 410.00,Braai Bak - 3.8l,123456,R 510.00,Braai Bak - 5.2l,123456,R 145.00,Borki,123456,,,,Default
The Biltong Boutiek,Plettenberg Bay,The Biltong Boutiek - Plettenberg Bay,,The Biltong Boutiek,"Shop 16e, Market Square","Garden Route, Plettenberg Bay",,,,,,,,,R 235.00,Snowva Ultimate Ice Maker,781159125409,,,,,,,,,,,,,,,,,,,,,,,,,,,,,,,Default
The Monarchy,,The Monarchy,,The Monarchy,"Oranjesingel 8, Korkwood","Nqweba, 6210",,,,,,,,,,,,,,,,,,,,,,,,,,,,,,,,,,,,R 65.00,Borki Handmade,BRK-KIA01,,,,Default
Travalia Padstal (17 On Bird),,Travalia Padstal (17 On Bird),,Travalia Padstal (17 On Bird),17 Bird Street,Beaufort West,4090253644,,,,,,,,R 235.00,Snowva Ultimate Ice Maker,781159125409,R 375.00,Outray,123456,R 580.00,Makabrai,123456,R 420.00,Braai Grid - Medium,123456,R 540.00,Braai Grid - Medium,123456,R 820.00,Braai Grid - Large,123456,R 285.00,Braai Bak - 2.5l,123456,R 410.00,Braai Bak - 3.8l,123456,R 510.00,Braai Bak - 5.2l,123456,R 145.00,Borki,123456,,,,Default
Trek in Midas,,Trek in Midas,,Trek in Midas,24 Voortrekker street,De Aar 7000,4900145246,,,,,,,,R 235.00,Snowva Ultimate Ice Maker,781159125409,,,,,,,,,,,,,,,,,,,,,,,,,,,,,,,Default
Trulyhealth Pty Ltd,,Trulyhealth Pty Ltd,,Trulyhealth Pty Ltd,126 Golf Avenue,"Clubview, Centurion",4410316378,,,,,,,,R 200.00,Snowva Ultimate Ice Maker,781159125409,,,,,,,,,,,,,,,,,,,,,,,,,,,,,,,Default
Tzaneen 4x4,,Tzaneen 4x4,,Tzaneen 4x4,12 Impala Street,"Tzaneen, 0850",4020244259,,,,,,,,R 235.00,Snowva Ultimate Ice Maker,781159125409,,,,R 600.00,Makabrai,MAK001,,,,R 720.00,Braai Grid - Medium,4030,,,,,,,,,,,,,,,,,,,Default
Uitkyk Vleismark,,Uitkyk Vleismark,,Uitkyk Vleismark,165 de Boulevard Straat,"Silverton , Pretoria",4550115838,,,,,,,,R 216.00,Snowva Ultimate Ice Maker,1013250,,,,,,,,,,,,,,,,,,,,,,,,,,,,,,,Default
Up To Date Fresh Market,,Up To Date Fresh Market,,Up To Date Fresh Market,Voortrekkerweg,"Mikropark
 Vredendal 8160",4890186137,,,,,,,,R 235.00,Snowva Ultimate Ice Maker,781159125409,R 375.00,Outray,123456,R 580.00,Makabrai,123456,R 420.00,Braai Grid - Medium,123456,R 540.00,Braai Grid - Medium,123456,R 820.00,Braai Grid - Large,123456,R 285.00,Braai Bak - 2.5l,123456,R 410.00,Braai Bak - 3.8l,123456,R 510.00,Braai Bak - 5.2l,123456,R 145.00,Borki,123456,,,,Default
Walkers Midas Upington t/a 4x4 Mega World,,Walkers Midas Upington t/a 4x4 Mega World,,Walkers Midas Upingon t/a 4x4 Mega World,Kooperasie straat 1,"Upington
 8800",4540115294,,,,,,,,R 235.00,Snowva Ultimate Ice Maker,781159125409,,,,,,,,,,,,,,,,,,,,,,,,,,,,,,,Default
Wildman Centurion,,Wildman Centurion,,Wildman Centurion,C/O John Vorster &,"Akkerboom Str, Swartkop, Centurion",,,,,,,,,R 216.00,Snowva Ultimate Ice Maker,781159125409,R 375.00,Outray,123456,R 580.00,Makabrai,123456,R 420.00,Braai Grid - Medium,123456,R 540.00,Braai Grid - Medium,123456,R 820.00,Braai Grid - Large,123456,R 285.00,Braai Bak - 2.5l,123456,R 410.00,Braai Bak - 3.8l,123456,R 510.00,Braai Bak - 5.2l,123456,R 145.00,Borki,123456,,,,Default
Wildman Robertson,,Wildman Robertson,,Wildman Hunting and Outdoor Robertson,8 Voortrekker Avenue,"Robertson, 6705",4270294145,,,,,,,,R 235.00,Snowva Ultimate Ice Maker,781159125409,,,,,,,,,,,,,,,,,,,,,,,,,,,,,,,Default
Zululand Oasis,,Zululand Oasis,,Zululand Oasis,Posbus 30228,"Richardsbaai, 3900",4410270492,,,,,,,,R 235.00,Snowva Ultimate Ice Maker,781159125409,,,,,,,,,,,,,,,,,,,,,,,,,,,,,,,Default
Pet Pool And Home,Jeffreysbay,Pet Pool And Home - Jeffreysbay,,Png Retail Pty Ltd T/A Pet Pool And Home,Pet Pool And Home,Jeffreysbay,4630265090,,,,,,,,R 216.00,Snowva Ultimate Ice Maker,781159125409,,,,,,,,,,,,,,,,,,,,,,,,,,,,,,,Default
Pet Pool And Home,Witbank,Pet Pool And Home - Witbank,,Png Retail Pty Ltd T/A Pet Pool And Home,Pet Pool And Home,Witbank,4630265090,,,,,,,,R 216.00,Snowva Ultimate Ice Maker,78119125409,,,,,,,,,,,,,,,,,,,,,,,,,,,,,,,Default
Impala Vleis Pty Ltd,,Impala Vleis Pty Ltd,,Impala Vleis Pty Ltd,Impala Vleis Pty ltd,"R512, Plot 156 Krokodildrift wes, Brits",4040310825,,,,,,,,,,,,,,R 600.00,Makabrai,MAK001,,,,,,,,,,,,,,,,,,,,,,,,,Default
Watko Promotional CC t/a Branded Image,,Watko Promotional CC t/a Branded Image,,Watko Promotional CC t/a Branded Image,Unit 1 Pastorie Park,"33 Lourens straat, Somerset Wes",4470221542,,,,,,,,,,,,,,R 600.00,Makabrai,MAK001,,,,R 720.00,Braai grid Medium,GRIDMED-01,,,,,,,,,,,,,,,,,,,
Trans Africa Self drive adventures & tours,,Trans Africa Self drive adventures & tours,,Trans Africa Self drive adventures & Tours,7 Hill street,Keurboomstrand,0,,,,,,,,R 216.00,Snowva Ultimate Ice Maker,78119125409,,,,,,,R 420.00,Braai Grid - Small,GRID2525,,,,,,,,,,,,,,,,,,,800,BraaiTas,123456,